collection_id,title_en,title_es,title_pt,indigenous_title,languages_documented,language_codes,countries,collectors,collection_url,islandora_pid
506,A Course in Bolivian Quechua,Un Curso en el Quechua de Bolivia,Um curso em Quechua Boliviano,,"Quechua, South Bolivian",quh,Bolivia,Rudolph Troike,https://ailla.utexas.org/collections/506,ailla:124388
669,AAA Workshop: Technological Methodologies in Language Documentation and Anthropology,Taller de la AAA: Metodologías Tecnológicas en la Documentación Lingüística y la Antropología,Oficina AAA: Metodologias tecnológicas na documentação e antropologia do idioma,,Multiple,mul,United States of America,Susan Smythe Kung; Jenny L. Davis; Kristine Ann Hildebrandt; Carlos Nash,https://ailla.utexas.org/collections/669,ailla:282844
1421,Acquisition of Mayan Languages Collection of Clifton Pye,Colección de la Adquisición de Lenguas Mayas de Clifton Pye,Coleção da Aquisição da Língua Maia Clifton Pye,,K'ichee'; Ch'ol; Q'anjob'al; Mam,quc; ctu; kjb; mam,Mexico; Guatemala,Clifton Pye,https://ailla.utexas.org/collections/1421,ailla:124375
1181,AILLA - Collection Guides,AILLA - Guías de Colecciones,AILLA - Guias de coleções,,"Akateko; K'ichee'; Ch'ol; Kichwa, Cañar Highland; Huasteco; Chuj; Baniwa; Tzotzil; Tzeltal; Awakateko; Tektiteko; Achi; Poqomam; Sakapulteko; Sipakapense; Uspanteko; Itza'; Q'eqchi'; Tz'utujil; Chorti; Q'anjob'al; Kaqchikel; Popti'; Mam; Poqomchi'; Mocho; Ixil; Chontal, Tabasco; Tojolab'al; Maya, Yucatec; Iskonawa",knj; quc; ctu; qxr; hus; cac; bwi; tzo; tzh; agu; ttc; acr; poc; quv; qum; usp; itz; kek; tzj; caa; kjb; cak; jac; mam; poh; mhc; ixl; chf; toj; yua; isc,United States of America,,https://ailla.utexas.org/collections/1181,ailla:256127
541,AILLA - Elicitation Tools,AILLA - Herramientas de Elicitación,Ferramentas de Ailla - Elicitação,,Multiple,mul,United States of America; Mexico; Guatemala,,https://ailla.utexas.org/collections/541,ailla:124469
672,AILLA Papers,Papeles sobre AILLA,Papeis de AILLA,,Multiple,mul,United States of America,,https://ailla.utexas.org/collections/672,ailla:257284
551,AILLA's South American Languages Collection,Colección de Idiomas de Sudamérica de AILLA,Coleção de idiomas sul -americanos de AILLA,,Kawésqar; Mapudungun,alc; arn,Argentina; Chile,,https://ailla.utexas.org/collections/551,ailla:124512
509,Akimel O'odham Collection of Eric Maurice Jackson,Colección Akimel O'odham de Eric Maurice Jackson,Akimel O'odham Coleção de Eric Maurice Jackson,,Akimel O'odham,ood,United States of America,Eric Maurice Jackson,https://ailla.utexas.org/collections/509,ailla:124409
1349,Alto Balsas Nahuatl Collection of Dominique Raby,Colección del Náhuatl del Alto Balsas de Dominique Raby,Coleção Nahuatl de Alto Balsas por Dominique Raby,Alto Balsas Nahuas imitlatlol okitlatlalij Dominique Raby,"Nahuatl, Guerrero",ngu,Mexico,Dominique Raby,https://ailla.utexas.org/collections/1349,ailla:124429
481,"Amazonian Languages Collection of Arthur P. Sorensen, Jr.","Colección de Lenguas Amazónicas de Arthur P. Sorensen, Jr.","Coleção de idiomas amazônicos de Arthur P. Sorensen, Jr.",,Curripaco; Tucano; Cubeo; Desano; Multiple; Wanano,kpc; tuo; cub; des; mul; gvc,Colombia,"Arthur P. Sorensen, Jr.",https://ailla.utexas.org/collections/481,ailla:124488
417,Amazonian Languages Collection of Ernest Migliazza,Colección de Lenguas Amazonicas de Ernest Migliazza,Coleção de idiomas amazônicos de Ernest Migliazza,,Bocotá; Ngäbere; Ninam; Yanam; Yanomámi; Sanumá; Yanomamö; Máku; Arutani; Makushi; Wapishana; Makiritari; Sapé; Katukína; Ticuna; Shanenawa; Marúbo; Kashinawa; Kanamarí,sab; gym; shb; shb; wca; xsu; guu; xak; atx; mbc; wap; mch; spc; knt; tca; swo; qkf; cbs; knm,Panama; Venezuela; Brazil,Ernest Migliazza,https://ailla.utexas.org/collections/417,ailla:124425
1021,Andoke Collection of Jon Landaburu,Colección de Andoke de Jon Landaburu,Coleção de Andoke de Jon Landaburu,,Andoke,ano,Colombia,Jon Landaburu,https://ailla.utexas.org/collections/1021,ailla:124413
552,Archiving the Terrence Kaufman Collection,Archivando la Colección de Terrence Kaufman,Arquivando a coleção de Terrence Kaufman,,Multiple,mul,United States of America; Mexico; Guatemala,,https://ailla.utexas.org/collections/552,ailla:245023
507,Argentinian Languages Collection of Ana Gerzenstein,Colección de Lenguas Argentinianas de Ana Gerzenstein,Coleção de idiomas argentinos de Ana Gerzenstein,,Chorote; Maká; Wichí Lhamtés Vejoz,crt; mca; wlv,Argentina,Ana Gerzenstein,https://ailla.utexas.org/collections/507,ailla:124394
533,Argentinian Languages Collection of Christina Messineo,Colección de Lenguas Argentinas de Christina Messineo,Coleção de idiomas argentinos de Christina Messineo,,Qom,tob,Argentina,Christina Messineo,https://ailla.utexas.org/collections/533,ailla:124424
502,Argentinian Languages Collection of Herminia Martín,Colección de Lenguas de Argentina de Herminia Martín,Coleção de idiomas argentinos de Herminia Martín,,Chorote; Pilagá; Nivaclé; Wichí Lhamtés Vejoz,crt; plg; cag; wlv,Argentina,Herminia Martín,https://ailla.utexas.org/collections/502,ailla:124454
508,Argentinian Languages Collection of Jorge Suárez,Colección de Lenguas Argentinas de Jorge Suárez,Coleção de idiomas argentinos de Jorge Suárez,,Tehuelche; Ona,teh; ona,Argentina; Chile,Jorge Suárez,https://ailla.utexas.org/collections/508,ailla:124415
1002,Argentinian Languages Collection of Lucía Golluscio,Colección de Lenguas Argentinianas de Lucía Golluscio,Coleção de idiomas argentinos de Lucía Golluscio,,Mapudungun; Wichí Lhamtés Vejoz,arn; wlv,Argentina,Lucía Golluscio,https://ailla.utexas.org/collections/1002,ailla:124393
408,Argentinian Languages Collection of Salvador Bucca,Colección de Lenguas Argentinas de Salvador Bucca,Coleção de idiomas argentinos de Salvador Bucca,,"Guaraní, Eastern Bolivian; Tapieté; Qom; Mocoví; Pilagá; Nivaclé",gui; tpj; tob; moc; plg; cag,Argentina,Salvador Bucca,https://ailla.utexas.org/collections/408,ailla:124400
1361,Arutani (Socio)Linguistic Documentation Corpus,Corpus de documentación (socio)lingüística del Arutani,Corpus do documentação (socio)linguístico de Arutani,,Ninam; Arutani,shb; atx,Venezuela; Brazil,Jorge Emilio Rosés Labrada; Francia Medina; Thiago Chacon,https://ailla.utexas.org/collections/1361,ailla:259841
540,Ashéninka Perené Collection of Elena Mihas,Colección de Ashéninka Perené de Elena Mihas,Coleção Ashéninka Perené de Elena Mihas,,Ashéninka Perené,prq,Peru,Elena Mihas,https://ailla.utexas.org/collections/540,ailla:124463
409,Aymara Collection of Geraldine Quartararo,Colección de Aymara por Geraldine Quartararo,Coleção Aymara de Geraldine Quartararo,,"Aymara, Central",ayr,Bolivia; Sweden,Geraldine Quartararo,https://ailla.utexas.org/collections/409,ailla:274454
462,Aymara Language Tapes of Jane Collins and Michael Painter,Grabaciones en Lengua Aymara de Jane Collins y Michael Painter,Fitas no Língua Aymara de Jane Collins e Michael Painter,,"Aymara, Central",ayr,Peru,Michael Painter; Jane Collins,https://ailla.utexas.org/collections/462,ailla:284546
686,Balsas Valley Nahuatl Collection of Jonathan Amith,Colección del Náhuatl de la Cuenca del Balsas de Jonathan Amith,Coleção de Jonathan Amith de Balsas Valley Nahuatl,,"Nahuatl, Guerrero",ngu,Mexico,Jonathan Amith,https://ailla.utexas.org/collections/686,ailla:124372
1801,Baniwa of the Aiary and Içana Collection of Robin M. Wright,Colección del Baniwa del Ayarí e Isana de Robin M. Wright,Coleção Baniwa do Aiary e Içana de Robin M. Wright,,Baniwa,bwi,Brazil,Robin M. Wright,https://ailla.utexas.org/collections/1801,ailla:263497
1341,Bará Collection of Jean Jackson,Colección Bará de Jean Jackson,Coleção Bará de Jean Jackson,,Bará,bao,Brazil,Jean Jackson,https://ailla.utexas.org/collections/1341,ailla:124410
532,Bocotá Collection of Enrique Margery Peña,Colección de Bocotá de Enrique Margery Peña,Coleção Bocotá de Enrique Margery Peña,,Bocotá,sab,Costa Rica,Enrique Margery Peña,https://ailla.utexas.org/collections/532,ailla:124420
410,Bolivian Languages Survey of Colette Grinevald,Encuesta de Lenguas Bolivianas de Colette Grinevald,Pesquisa de idiomas bolivianos de Colette Grinevald,,"Wichí Lhamtés Nocten; Yuki; Ese Ejja; Chiquitano; Moxo, Ignaciano; Itonama; Movima; Sirionó; Trinitario; Tsimané; Mosetén",mtp; yuq; ese; cax; ign; ito; mzp; srq; trn; cas; cas,Bolivia,Colette Grinevald,https://ailla.utexas.org/collections/410,ailla:124396
554,Bolivian Quechua Collection of Gladys Camacho Rios,Colección de Quechua Boliviano de Gladys Camacho Rios,Coleção da Quechua Boliviana de Gladys Camacho Rios,,"Quechua, South Bolivian",quh,Bolivia,Gladys Camacho Rios,https://ailla.utexas.org/collections/554,ailla:250785
421,Bolivian Quechua Verbal Art,Arte Verbal Quechua Boliviano,Arte Verbal Quechua Boliviano,Qhichwa Runaq Imayna Parlasqan,"Quechua, South Bolivian",quh,Bolivia,Carlos Flores Quispe,https://ailla.utexas.org/collections/421,ailla:284538
722,Cañar Collection of Judy Blankenship,Colección de Cañar de Judy Blankenship,Coleção Cañar de Judy Blankenship,,"Kichwa, Cañar Highland",qxr,Ecuador,Judy Blankenship,https://ailla.utexas.org/collections/722,ailla:276556
560,Cañar Peace Corps Collection,Colección del Cuerpo de Paz en Cañar,Coleção do Peace Corps de Cañar,,"Kichwa, Cañar Highland",qxr,Ecuador,Thomas Catchpole; George Mowry; Preston Wilson; Michael Impastato; Susan Klein; Henry Wetsman; Alan Adams; Jeffrey Ashe,https://ailla.utexas.org/collections/560,ailla:259831
863,Cañari Music and Culture Collection of Allison Adrian,La Colección de Música y Cultura Cañari por Allison Adrian,Coleção de música e cultura Cañari de Allison Adrian,,"Kichwa, Cañar Highland",qxr,Ecuador,Judy Blankenship; Allison Elizabeth Adrian; Segundo José Guamán Pichazaca; José Marcos Aguayza Solano,https://ailla.utexas.org/collections/863,ailla:263494
1342,Cavineña Collection of Antoine Guillaume,Colección Cavineña de Antoine Guillaume,Coleção Cavineña de Antoine Guillaume,,Kavinenya,cav,Bolivia,Antoine Guillaume,https://ailla.utexas.org/collections/1342,ailla:124401
922,Ch'orti' Collection of Kerry Michael Hull,Colección Ch'orti' de Kerry Michael Hull,Coleção de Ch'orti de Kerry Michael Hull,,Chorti,caa,Guatemala,Kerry Michael Hull,https://ailla.utexas.org/collections/922,ailla:124408
463,Chachapoyas Quechua Flora and Fauna,Flora y fauna en quechua de Chachapoyas,Flora e Fauna na Quechua de Chachapoyas,,"Quechua, Chachapoyas",quk,Peru,Aviva Shimelman,https://ailla.utexas.org/collections/463,ailla:260284
164,Chatino Collection of Leslie and Kitty Pride,Colección Chatino de Leslie y Kitty Pride,Coleção Chatino de Leslie e Kitty Pride,,"Chatino, Eastern San Juan Quiahije; Chatino, Tataltepec de Valdés",ctp; cta,Mexico,Leslie Pride; Kitty Pride,https://ailla.utexas.org/collections/164,ailla:124459
1201,Chatino Documentation of Hilaria Cruz,Documentacion del Chatino de Hilaria Cruz,Documentação do Chatino de Hilaria Cruz,TnyaF qneJ Laya ChaqF tynyaJ,"Chatino, Eastern San Juan Quiahije; Chatino, Eastern, San Marcos Zacatepec; Chatino; Chatino, Eastern, Santa María Amialtepec; Chatino, Eastern, Santa María Yolotepec",ctp; ctz; omq; ctp; cly,Mexico,Teodoro Leonardo Cruz,https://ailla.utexas.org/collections/1201,ailla:124513
1541,Chatino Landscape Collection,Colección del lenguaje escénico chatino,Coleção de paisagismo chatino,chaʔ-F nda-H renʔ-J neʔ-C xʔo-F,"Chatino, Eastern San Juan Quiahije",ctp,Mexico,Emiliana Cruz,https://ailla.utexas.org/collections/1541,ailla:252384
1263,Chatino Language Documentation Project Collection,Colección del Proyecto de Documentación de la Lengua Chatino,Coleção do Projeto de Documentação da Língua Chatino,,"Chatino, Eastern San Juan Quiahije; Chatino, Eastern, Santiago Yaitepec; Chatino, Eastern, San Marcos Zacatepec; Chatino, Eastern, Santa Lucía Teotepec; Chatino; Chatino, Tataltepec de Valdés; Chatino, Zenzontepec",ctp; ctp; ctz; cya; omq; cta; czn,Mexico,,https://ailla.utexas.org/collections/1263,ailla:124384
510,Chiapas Zoque Collection of Daniel Suslak,Colección del Zoque de Chiapas de Daniel Suslak,Coleção de Daniel Suslak,,"Zoque, Francisco León",zos,Mexico,Daniel F. Suslak,https://ailla.utexas.org/collections/510,ailla:124438
561,Chicahuaxtla Triqui Collection of A. Raymond Elliott,Colección de Triqui de Chicahuaxtla de A. Raymond Elliott,Coleção do Triqui de Chicahuaxtla de A. Raymond Elliott,,"Triqui, Chicahuaxtla",trs,Mexico,A. Raymond Elliott,https://ailla.utexas.org/collections/561,ailla:263064
1281,Chilean Languages Collection of Oscar Aguilera and José Tonko,Colección de Lenguas Chilenas de Oscar Aguilera y José Tonko,Coleção de Línguas Chilenas de Oscar Aguilera e José Tonko,,Kawésqar; Yagán,alc; yag,Chile,José Tonko; Oscar Aguilera,https://ailla.utexas.org/collections/1281,ailla:124482
566,Chol Collection of Carol Rose Little,Colección de chol de Carol Rose Little,Coleção Chol de Carol Rose Little,,Ch'ol,ctu,Mexico,Carol Rose Little,https://ailla.utexas.org/collections/566,ailla:280208
862,Chol Collection of Juan Jesús Vázquez Álvarez and Jessica Coon,Colección del Chol de Juan Jesús Vázquez Álvarez y Jessica Coon,Coleção Chol de Juan Jesús Vázquez Álvarez e Jessica Coon,,Ch'ol,ctu,Mexico,Jessica Coon; Juan Jesús Vázquez Álvarez,https://ailla.utexas.org/collections/862,ailla:261383
986,Chuj Oral Tradition Collection of Pedro Mateo Pedro and Jessica Coon,Colección de Tradición Oral Chuj de Pedro Mateo Pedro y Jessica Coon,Coleção da tradição oral de Chuj de Pedro Mateo Pedro e Jessica Coon,Lolonel Sb'eyb'al Chuj,Chuj,cac,Guatemala,Pedro Mateo Pedro; Alberto Gómez; Nicolás Alonzo; Audilia Estela Miguel; Nicolás Gaspar Gaspar; Diego Avilio; Candelaria Domingo; Elizabeth Carolan,https://ailla.utexas.org/collections/986,ailla:254994
662,CILLA I: Proceedings of the First Conference on Indigenous Languages of Latin America,CILLA I: Memorias del Primer Congreso de Idiomas Indígenas de Latinoamérica,CILLA I: Anais da Primeira Conferência sobre idiomas indígenas da América Latina,,"Popoluca, Oluta; Quechua; Sipakapense; Hup; Chorti; Qom; Inga; Q'anjob'al; Iquito; Tojolab'al; Maya, Yucatec; Quechua, Cuzco; South American Indigenous Languages; Záparo; Zapotec, Western Tlacolula Valley",plo; qwe; qum; jup; caa; tob; inb; kjb; iqu; toj; yua; quz; sai; zro; zab,United States of America,,https://ailla.utexas.org/collections/662,ailla:280013
663,CILLA II: Proceedings of the Second Conference on Indigenous Languages of Latin America,CILLA II: Memorias del Segundo Congreso de Idiomas Indígenas de Latinoamérica,CILLA II: Anais da Segunda Conferência sobre Idiomas Indígenas da América Latina,,"Chatino, Eastern San Juan Quiahije; K'ichee'; Ch'ol; Lacandon; Quechua; Páez; Chatino, Eastern, Santiago Yaitepec; Piratapuyo; Tzotzil; Tzeltal; Chatino, Eastern, San Marcos Zacatepec; Chatino, Zenzontepec; Qom; Nahuatl, Central; Nanti; Q'anjob'al; Kaqchikel; Mam; Iquito; Tepehua, Huehuetla; Ixil; Mapudungun; Maya, Yucatec; Quechua, Cuzco; Andoke; Wanano; Waimiri-Atroarí; Yukpa; Wichí Lhamtés Güisnay; Kukama-Kukamiria; Pima Bajo; Yaqui; Warekena; Yavitero; Tunebo, Angosturas; Nahuatl, Istmo-Pajapan; Shawi; Tuyuca; Chatino, Eastern, San Miguel Panixtlahuaca",ctp; quc; ctu; lac; qwe; pbb; ctp; pir; tzo; tzh; ctz; czn; tob; nhn; cox; kjb; cak; mam; iqu; tee; ixl; arn; yua; quz; ano; gvc; atr; yup; mzh; cod; pia; yaq; gae; yvt; tnd; nhp; cbt; tue; ctp,United States of America,,https://ailla.utexas.org/collections/663,ailla:280014
666,CILLA III: Proceedings of the Third Conference on Indigenous Languages of Latin America,CILLA III: Memorias del Tercero Congreso de Idiomas Indígenas de Latinoamérica,CILLA III: Anais da Terceira Conferência sobre Idiomas Indígenas da América Latina,,"Chatino, Eastern San Juan Quiahije; Seri; Ch'ol; Chipaya; Quechua, Ayacucho; Tzotzil; Tzeltal; Mopán; Chatino, Eastern, San Marcos Zacatepec; Chorti; Zoque, Soteapan; Qom; Kaqchikel; Mam; Iquito; Chontal, Tabasco; Maká; Ch'olti'; Capanahua; Tepehuan, Southeastern",ctp; sei; ctu; cap; quy; tzo; tzh; mop; ctz; caa; poi; tob; cak; mam; iqu; chf; mca; mis; kaq; stp,United States of America,,https://ailla.utexas.org/collections/666,ailla:280015
664,CILLA IV: Proceedings of the Fourth Conference on Indigenous Languages of Latin America,CILLA IV: Memorias del Cuarto Congreso de Idiomas Indígenas de Latinoamérica,CILLA IV: Anais da Quarta Conferência sobre idiomas indígenas da América Latina,,"Ese Ejja; Chatino, Eastern San Juan Quiahije; Nahuatl, Eastern Huasteca; Ch'ol; Chatino, Eastern, Santiago Yaitepec; Cubeo; Tzotzil; Tzeltal; Chatino, Eastern, San Marcos Zacatepec; Chatino, Eastern, Santa Lucía Teotepec; Chatino, Tataltepec de Valdés; Chatino, Zenzontepec; Kuna, San Blas; Chorti; Nahuatl, Central; Q'anjob'al; Tojolab'al; Ticuna; Paresi; Triqui, Chicahuaxtla; Huave, San Francisco del Mar; Chachi; Pima Bajo; Tarahumara, Western; Tepehuan, Northern; Zapotec, Mixtepec",ese; ctp; nhe; ctu; ctp; cub; tzo; tzh; ctz; cya; cta; czn; cuk; caa; nhn; kjb; toj; tca; pab; trs; hue; cbi; pia; tac; ntp; zpm,United States of America,,https://ailla.utexas.org/collections/664,ailla:280016
665,CILLA V: Proceedings of the Fifth Conference on Indigenous Languages of Latin America,CILLA V: Memorias del Quinto Congreso de Idiomas Indígenas de Latinoamérica,CILLA V: Anais da Quinta Conferência sobre idiomas indígenas da América Latina,,"Mixe, Tlahuitoltepec; Zapotec, San Dionisio Ocotepec; Totonac, Papantla; Totonac, Filomeno Mata-Coahuitlán; Tzotzil; Tzeltal; Chatino, Eastern, San Marcos Zacatepec; Chatino, Eastern, Santa Lucía Teotepec; Chatino, Tataltepec de Valdés; Qom; Tepehua, Huehuetla; Chontal, Tabasco; Mocoví; Chorote; Maká; Pilagá; Nivaclé; Maya, Yucatec; Zapotec, Isthmus; Karitiâna; Tarahumara, Central; Tuparí; Otomí, Tilapa; Totonac, Upper Necaxa; Wichí Lhamtés Güisnay; Kakataibo-Kashibo; Quechua, Huallaga; Akuntsu; Makuráp; Sakirabiá; Wayoró; Totonac, Highland; Amuzgo, San Pedro Amuzgos; Zapotec, San Lucas Quiaviní; Tepehua, Pisaflores; Tepehua, Tlachichilco; Totonac, Misantla; Totonac, Xicotepec de Juárez",mxp; ztu; top; tlp; tzo; tzh; ctz; cya; cta; tob; tee; chf; moc; crt; mca; plg; cag; yua; zai; ktn; tar; tpr; otl; tku; mzh; cbr; qub; aqz; mpu; skf; wyr; tos; azg; zab; tpp; tpt; tlc; too,United States of America,,https://ailla.utexas.org/collections/665,ailla:280017
667,CILLA VI: Proceedings of the Sixth Conference on Indigenous Languages of Latin America,CILLA VI: Memorias del Sexto Congreso de Idiomas Indígenas de Latinoamérica,CILLA VI: Anais da Sexta Conferência sobre Idiomas Indígenas da América Latina,,"Chatino, Eastern San Juan Quiahije; Mixe, Tlahuitoltepec; K'ichee'; Ch'ol; Huasteco; Chatino, Eastern, Santiago Yaitepec; Chatino, Eastern, San Marcos Zacatepec; Chatino, Tataltepec de Valdés; Chatino, Zenzontepec; Q'anjob'al; Mam; Nivaclé; Maya, Yucatec; Nahuatl, Highland Puebla; Zapotec, Western Tlacolula Valley",ctp; mxp; quc; ctu; hus; ctp; ctz; cta; czn; kjb; mam; cag; yua; azz; zab,United States of America,,https://ailla.utexas.org/collections/667,ailla:280018
668,CILLA VII: Proceedings of the Seventh Conference on Indigenous Languages of Latin America,CILLA VII: Memorias del Séptimo Congreso de Idiomas Indígenas de Latinoamérica,CILLA VII: Anais da Sétima Conferência sobre Idiomas Indígenas da América Latina,,"Mixe, Tlahuitoltepec; Seri; Mazahua, Central; Ch'ol; Tlahuica; Chuj; Tzotzil; Zoque, San Miguel Chimalapa; Otomí, Ixtenco; Qom; Q'anjob'al; Tojolab'al; Maya, Yucatec; Zapotec, Miahuatec; Zoque, Ocotepec; Wayuu; Otomí, Tilapa; Uru; Kakataibo-Kashibo; Maijuna; Lule; Totonac, Highland; Chichimeco-Jonaz; Pame, Northern; Chinantec, Quiotepec",mxp; sei; maz; ctu; ocu; cac; tzo; zoh; otz; tob; kjb; toj; yua; zam; zoc; guc; otl; ure; cbr; ore; ule; tos; pei; pmq; chq,United States of America,,https://ailla.utexas.org/collections/668,ailla:280019
671,CILLA VIII: Proceedings of the Eighth Conference on Indigenous Languages of Latin America,CILLA VIII: Memorias del Octavo Congreso de Idiomas Indígenas de Latinoamérica,CILLA VIII: Anais da Oitava Conferência sobre Idiomas Indígenas da América Latina,,"Central Diegueño (Kumiai); Chatino, Zenzontepec; Mixtec; Nahuatl, Central; Maya, Yucatec; Zoque, Ocotepec; Mixtec, San Martín Peras; Pai Tavytera; Tarahumara, Central; Totonac, Highland; Pame, Northern",dih; czn; omq; nhn; yua; zoc; jmx; pta; tar; tos; pmq,United States of America,,https://ailla.utexas.org/collections/671,ailla:256152
464,CoLang 2018: Institute on Collaborative Language Research,CoLang 2018: Instituto de Investigación Lingüística Colaborativa,Colang 2018: Instituto de Pesquisa Colaborativa de Língua,,Multiple,mul,United States of America,George Aaron Broadwell,https://ailla.utexas.org/collections/464,ailla:272805
1348,Collaborative Documentation of Mako,La Documentación Colaborativa de Mako,A Documentação Colaborativa de Mako,,Mako,wpc,Venezuela,Jorge Emilio Rosés Labrada,https://ailla.utexas.org/collections/1348,ailla:124494
2043,Collection of Documentation and Revitalization of the Iskonawa Language,Colección de Documentación y Revitalización de la Lengua Iskonawa,Coleção de Documentação e Revitalização da Língua Iskonawa,,Iskonawa,isc,Peru,Carolina Rodríguez Alzza,https://ailla.utexas.org/collections/2043,
401,"Collection of Miskito, Quechua and Tseltal of June Nash","Colección de Mískito, Quechua y Tseltal de June Nash","Coleção de Miskito, Quechua e Tseltal de June Nash",,"Quechua, South Bolivian; Tzeltal; Mískito",quh; tzh; miq,Peru; Nicaragua,June Nash,https://ailla.utexas.org/collections/401,ailla:124382
390,"Collection of Nahuatl of the Sierra Nororiental de Puebla, Mexico of Jonathan Amith",Colección del Náhuatl de la Sierra Nororiental de Puebla de Jonathan Amith,"Coleção de Nahuatl da Sierra nororiental de Puebla, México de Jonathan Amith",,"Nahuatl, Highland Puebla",azz,Mexico,Jonathan Amith,https://ailla.utexas.org/collections/390,ailla:124515
465,Colombian Languages Collection of John McDowell,Colección de Lenguas Colombianas de John McDowell,Coleção de idiomas colombianos de John McDowell,,Kamsá; Inga,kbh; inb,Colombia,John McDowell,https://ailla.utexas.org/collections/465,ailla:124423
503,Colombian Languages Collection of Katherine Bolaños Quiñonez,Colección de Lenguas Colombianas de Katherine Bolaños Quiñonez,Coleção de idiomas colombianos de Katherine Bolaños Quiñonez,,Kakwa,cbv,Colombia,Katherine Bolaños Quiñonez,https://ailla.utexas.org/collections/503,ailla:124476
511,Colombian Languages Collection of Tulio Rojas Curieux,Colección de Lenguas Colombianas de Tulio Rojas Curieux,Coleção de idiomas colombianos de Tulio Rojas Curieux,,Páez,pbb,Colombia,Tulio Rojas Curieux,https://ailla.utexas.org/collections/511,ailla:124387
683,"Corpus of Kumiai and Ko’alh spoken in Baja California, Mexico of Margaret Field","Corpus de Kumiai y Ko'alh Hablado en California Baja, México de Margaret Field","Corpus de Kumiai e Ko'alh falou em Baja California, México de Margaret Field",,Central Diegueño (Kumiai),dih,Mexico,Margaret Field,https://ailla.utexas.org/collections/683,ailla:124455
544,Costa Rican Languages Collection of Adolfo Constenla Umaña,Colección de las Lenguas de Costa Rica de Adolfo Constenla Umaña,Costa Rica Languages ​​Coleção de Adolfo Constenla Umaña,,Chorotega; Subtiaba,cjr; sut,Costa Rica,Adolfo Constenla Umaña,https://ailla.utexas.org/collections/544,ailla:124480
983,Curripaco Collection of Jonathan Hill,Colección Curripaco de Jonathan Hill,Coleção Curripaco de Jonathan Hill,,Curripaco,kpc,Venezuela,Jonathan Hill,https://ailla.utexas.org/collections/983,ailla:124457
673,Data Management Plans for Linguistic Research,Planes de Administración de Datos para Investigación Lingüística,Planos de gerenciamento de dados para pesquisa linguística,,Multiple,mul,United States of America,Andrea Berez-Kroeker; Lauren B. Collister; Susan Smythe Kung,https://ailla.utexas.org/collections/673,ailla:254603
1501,Dâw Language Collection,La Colección del Idioma Dâw,A Coleção de Língua Dâw,,Dâw,kwa,United States of America; Brazil,Jéssica Costa; Wallace Andrade; Luciana Storto; Sunkulp Ananthanarayan; Rosane Araújo da Silva; Maria Auxiliadora de Souza Castro; Mateus Souza Sanches; Karolin Obert; Patience Epps; Clariana Assis; Pedro Morães de Souza; Tatiane Barroso; Valteir Fernandes Marques,https://ailla.utexas.org/collections/1501,ailla:254973
1441,Dependency Treebank derived from the Mbyá Guaraní Collection of Robert Dooley,Corpus Sintácticamente Anotado Derivado de la Colección Mbyá Guaraní de Robert Dooley,Árvore de Dependência Derivada da Coleção Mbyá Guaraní de Robert Dooley,,"Guaraní, Mbyá",gun,Brazil; Canada,Robert A. Dooley; Guillaume Thomas,https://ailla.utexas.org/collections/1441,ailla:258180
1161,Duck and Frog Stories in Chuquisaca Quechua,Cuentos de sapo y pato en quechua de Chuquisaca,Histórias de pato e sapo na quechua de Chuquisaca,Chuquisacap qhichwa parlayninpi pilimantawan jamp’atumantawan ima willaykuna,"Quechua, South Bolivian",quh,Bolivia,Susan Kalt,https://ailla.utexas.org/collections/1161,ailla:258876
923,"Ecological Oral Histories from Ancash, Peru","Historias Orales Ecologicas de Ancash, Peru","Histórias orais ecológicas de Ancash, Peru",,"Quechua, Ancash Huayllas",qwh,Peru,Gladys Jiménez; Molly Polk,https://ailla.utexas.org/collections/923,ailla:276628
546,Ecuadorian Languages Collection of John McDowell,Colección de Idiomas Ecuatorianos de John McDowell,Coleção de idiomas equatorianos de John McDowell,,"Quichua, Imbabura",qvi,Ecuador,John McDowell,https://ailla.utexas.org/collections/546,ailla:124496
1402,Ecuadorian Lowland Quechua Collection of Alexander Rice,La Colección del Quechua Ecuatoriano Amazónico de Alexander Rice,Coleção da Quíchua  Equatoriana Amazônica de Alexander Rice,,"Quichua, Tena Lowland; Quechua, Pastaza",quw; qvz,Ecuador; Canada,Alexander H. Rice,https://ailla.utexas.org/collections/1402,ailla:269474
684,Educational Materials Collection of Terrence Kaufman,Colección de los Materiales Educativos de Terrence Kaufman,Coleção de materiais educacionais de Terrence Kaufman,,"Chontal, Highland Oaxaca; Zoque, Santa María Chimalapa; K'ichee'; Xinka; Lenca; Quechua; Nahuatl; Uto-Aztecan; Totonacan; Panoan; Totonac; Chuj; Tzotzil; Tzeltal; Awakateko; Arawakan; Mixe-Zoque; Zoque; Mayan; Q'eqchi'; Guaraní, Paraguayan; Otomanguean; Chibchan; Chorti; Zoque, Soteapan; Q'anjob'al; Kaqchikel; Popti'; Poqomchi'; Paiute, Southern; Ixil; Chontal, Tabasco; Tojolab'al; Multiple; Maya, Yucatec; Zapotec, Isthmus; Tukanoan; Nahuatl, Sierra de Zongolica; Nahuatl, Classical; Chiapanec; Yuman-Cochimí; Comanche; Serrano; Mangue; Zapotec, Mitla; Tübatulabal; Purepecha; Chinook Jargon; Mono; Luiseño; Cahuilla; Hopi; Tepehuan, Northern; Tarahumaran; Cáhita; Cora; Huichol; Siouan; Winnebago; Omaha-Ponca; Osage; Dakota; Hidatsa; Crow; Mandan; Algonquian; Ofo; Biloxi; Tutelo; Miwok, Southern Sierra; Miwok, Central Sierra; Miwok, Northern Sierra; Miwok, Plains; Catawba; Matagalpa; Cariban; Macro-Jê; Tacanan; Tupian; Epi-Olmec",chd; zoh; quc; xin; len; qwe; nah; azc; cai; sai; cai; cac; tzo; tzh; agu; awd; cai; cai; myn; kek; gug; omq; cba; caa; poi; kjb; cak; jac; poh; ute; ixl; chf; toj; mul; yua; zai; sai; nlv; nci; cip; nai; com; ser; mom; zaw; tub; tsz; chn; mnr; lui; chl; hop; ntp; azc; azc; azc; hch; sio; win; oma; osa; dak; hid; cro; mhq; alg; ofo; bll; tta; skd; csm; nsq; pmw; chc; mtn; sai; sai; sai; tup; xep,United States of America,Terrence Kaufman,https://ailla.utexas.org/collections/684,ailla:247465
601,Emberá Collection of Rachel Crandell,Colección Emberá de Rachel Crandell,Coleção Emberá de Rachel Crandell,,"Emberá, Northern",emp,Panama,Rachel Crandell,https://ailla.utexas.org/collections/601,ailla:124381
504,Emberá Collection of Stephanie Kane,Colección de Emberá de Stephanie Kane,Coleção Emberá de Stephanie Kane,,"Emberá, Northern",emp,Panama,Stephanie Kane,https://ailla.utexas.org/collections/504,ailla:124412
844,Enenlhet Documentation,Documentación de Enenlhet,Documentação da Enenlhet,Enenlhet Nempaivoma,Enenlhet; Enlhet,tmf; enl,Paraguay,Raina Heaton,https://ailla.utexas.org/collections/844,ailla:266557
1003,Epigraphy Collection of Terrence Kaufman and John Justeson,Colección de Epigrafía de Terrence Kaufman y John Justeson,Coleção de epigrafia de Terrence Kaufman e John Justeson,,Mixe-Zoque; Mayan; Zapotec; Multiple; Epi-Olmec,cai; myn; zap; mul; xep,United States of America,John Justeson; Terrence Kaufman,https://ailla.utexas.org/collections/1003,ailla:248167
570,"Field Materials de Ayapa, Jalapa de Méndez, Tabasco, Mexico (2004-2014)","Materiales de Investigación de Campo en Ayapa, Jalapa de Méndez, Tabasco, Mexico (2004-2014)","Materiais de campo de Ayapa, Jalapa de Méndez, Tabasco, México (2004-2014)",,"Zoque, Ayapaneco",zoq,Mexico,Daniel F. Suslak,https://ailla.utexas.org/collections/570,ailla:285213
1621,Francisco Marroquín Linguistic Project (PLFM),Proyecto Lingüístico Francisco Marroquín (PLFM),Projeto Linguístico Francisco Marroquín (PLFM),,K'ichee'; Chuj; Awakateko; Poqomam; Sakapulteko; Sipakapense; Mayan; Q'eqchi'; Tz'utujil; Q'anjob'al; Kaqchikel; Mam; Poqomchi',quc; cac; agu; poc; quv; qum; myn; kek; tzj; kjb; cak; mam; poh,Guatemala,Terrence Kaufman,https://ailla.utexas.org/collections/1621,ailla:124507
548,Gammibe Gun Galu,Gammibe Gun Galu,Gammibe Gun Galu,Gammibe Gun Galu,"Kuna, Border",kvn,Panama,Amanda C. Gibson; Morrison B. Mast,https://ailla.utexas.org/collections/548,ailla:124502
802,Gulf Nahuat Dialect Survey,Encuesta Lingüística del Náhuat del Golfo,Pesquisa Linguística do Nahuat do Golfo,,"Nahuatl, Tabasco; Nahuatl; Nahuatl, Istmo-Mecayapan; Nahuatl, Istmo-Pajapan",nhc; nah; nhx; nhp,Mexico,Terrence Kaufman,https://ailla.utexas.org/collections/802,ailla:124449
466,Guna Collection of Wikaliler Daniel Smith,Colección Guna de Wikaliler Daniel Smith,Coleção Guna de Wikaliler Daniel Smith,,"Kuna, San Blas",cuk,Panama,Wikaliler Daniel Smith,https://ailla.utexas.org/collections/466,ailla:124509
1350,Huancavelica Quechua Fieldnotes of Willem de Ruese,Las Notas del Campo de Quechua de Huancavelica de Willem de Ruese,As Notas de Campo de Quíchua de Huancavelica de Willem de Ruese,,"Quechua, Ayacucho",quy,Peru,Willem J. de Reuse,https://ailla.utexas.org/collections/1350,ailla:124435
1662,Huasteca Nahuatl Collection of Terrence Kaufman,Colección del Náhuatl de la Huasteca de Terrence Kaufman,Coleção de Nahuatl da Huasteca de Terrence Kaufman,,"Nahuatl, Eastern Huasteca; Nahuatl, Central Huasteca; Nahuatl, Western Huasteca",nhe; nch; nhw,Mexico,Terrence Kaufman,https://ailla.utexas.org/collections/1662,ailla:247464
602,Huasteco Collection of Barbara Edmonson,Colección Huasteco de Barbara Edmonson,Coleção Huasteco de Barbara Edmonson,,Huasteco,hus,Mexico,Barbara Edmonson,https://ailla.utexas.org/collections/602,ailla:124475
881,Huave Collection of Yuni Kim,La Colección del Huave por Yuni Kim,Coleção Huave de Yuni Kim,"Kanchion mipochiujts, umbeyajts konajts","Huave, San Francisco del Mar",hue,Mexico; United Kingdom,Yuni Kim,https://ailla.utexas.org/collections/881,ailla:274696
501,Huehuetla Tepehua Language Documentation Collection,Colección de Documentación Lingüística del Tepehua de Huehuetla,Coleção de documentação da linguagem tepehua de Huehuetla,Lakilaqachaqan,"Tepehua, Huehuetla",tee,Mexico,Susan Smythe Kung,https://ailla.utexas.org/collections/501,ailla:124437
1004,Hup Collection of Howard Reid,Colección Hup de Howard Reid,Coleção Hup de Howard Reid,,Desano; Hup; Choco; Yuwana,des; jup; sai; yau,Venezuela; Brazil; Colombia; United Kingdom,Howard Reid,https://ailla.utexas.org/collections/1004,ailla:273722
1461,Hup Collection of Patience Epps,Colección Hup de Patience Epps,Coleção Hup de Patience Epps,,Hup,jup,Brazil,Patience Epps,https://ailla.utexas.org/collections/1461,ailla:124481
1881,Hup Collection of Renato Athias,Colección Hup de Renato Athias,Coleção Hup de Renato Athias,,Hup,jup,Brazil,Renato Athias,https://ailla.utexas.org/collections/1881,ailla:275387
1301,Indigenous Languages of Costa Rica Collection of Laura Cervantes,Colección de las Lenguas Indígenas de Costa Rica de Laura Cervantes,Colección de las Lenguas Indígenas de Costa Rica de Laura Cervantes,,Cabécar; Bribri,cjp; bzd,Costa Rica,Laura Cervantes,https://ailla.utexas.org/collections/1301,ailla:124390
405,Indigenous Multilingualism in Lowland South America,Plurilingüismo Indígena en las Tierras Bajas de Sudamérica,Multilinguismo indígena na América do Sul da planície,,Bará; Piratapuyo; Tucano; Cubeo; Baniwa; Hup; Wanano; Yuhup; Kadiwéu; Carapana; Tanimuca-Retuarã; Guató; Makuráp; Borôro; Guana; Terêna; Arikapú; Aikanã; Makuna; Tatuyo; Barasana-Eduria; Tuyuca,bao; pir; tuo; cub; bwi; jup; gvc; yab; kbc; cbc; tnc; gta; mpu; bor; gqn; ter; ark; tba; myy; tav; bsn; tue,United States of America,Patience Epps; Susan Smythe Kung,https://ailla.utexas.org/collections/405,ailla:284486
1344,Iquito Language Documentation Project Collection,Colección del Proyecto de Documentación de la Lengua Iquito,Coleção do Projeto de Documentação da Língua iquito,,Iquito,iqu,Peru,,https://ailla.utexas.org/collections/1344,ailla:124373
1561,"Iskonawa Language Collection of José Antonio Mazzotti, Roberto Zariquiey, Rodolfo Cerrón Palomino and Carolina Rodríguez Alzza","Colección del Idioma Iskonawa de José Antonio Mazzotti, Roberto Zariquiey, Rodolfo Cerrón Palomino y Carolina Rodríguez Alzza","Coleção de idiomas de Iskonawa de José Antonio Mazzotti, Roberto Zariquiy, Rodolfo Cerrón Palomino e Carolina Rodríguez Alzza",,Iskonawa,isc,Peru,Roberto Zariquiey; Rodolfo Cerrón-Palomino; José Antonio Mazzotti; Carolina Rodríguez Alzza,https://ailla.utexas.org/collections/1561,ailla:256718
1363,Islander Creole Corpus,Corpus del Criollo Isleño,Corpus de Crioulo de San Andrés,,Islander English Creole,icr,Colombia,Falcon Restrepo Ramos,https://ailla.utexas.org/collections/1363,ailla:277993
1357,Isthmus Zapotec Collection of Gabriela Pérez Báez,Colección del Zapoteco del Istmo de Gabriela Pérez Báez,Coleção da Zapoteca do Istmo de Gabriela Pérez Báez,,"Zapotec, Isthmus",zai,Mexico,Gabriela Pérez Báez,https://ailla.utexas.org/collections/1357,ailla:124428
1303,Isthmus Zapotec Collection of Randi Moore,Colección del Zapoteco del Istmo de Randi Moore,Coleção do Zapoteco do Istmo de Randi Moore,,"Zapotec, Isthmus",zai,Mexico,Randi Moore,https://ailla.utexas.org/collections/1303,ailla:257693
1742,Itunyoso Triqui Collection of Christian DiCanio,Colección del Triqui de Itunyoso de Christian DiCanio,Coleção do Triqui de Itunyoso de Christian DiCanio,,"Triqui, Itunyoso",trq,Mexico,Christian DiCanio,https://ailla.utexas.org/collections/1742,ailla:243683
861,Ixil Collection of Danny Law,Colección Ixil de Danny Law,Coleção Ixil de Danny Law,,Ixil,ixl,Guatemala,Danny Law,https://ailla.utexas.org/collections/861,ailla:244864
1322,Ixil Maya Conversation / Narrative Collection,Colección de Conversación / Narrativa  en Ixil Maya,Coleção Conversação/Narrativa em Maia Ixil,,Ixil,ixl,Guatemala,Jule Gómez de García; María Luz García; Michael Hughes,https://ailla.utexas.org/collections/1322,ailla:124487
882,Jacaltec Collection of Colette Grinevald,Colección de Jacalteco de Colette Grinevald,Coleção de Jacalteco de Colette Grinevald,,Popti',jac,Guatemala,Colette Grinevald,https://ailla.utexas.org/collections/882,ailla:124398
567,"Jakalteka/Popti' Linguistic Community Collection, ALMG","Colección Comunidad Lingüística Jakalteka/Popti', ALMG","Coleção Jakalteka/Popti' comunitária lingüística, ALMG",,Popti',jac,Guatemala,,https://ailla.utexas.org/collections/567,ailla:281343
537,Jarawara Collection of Alan Vogel,Colección del Jarawara de Alan Vogel,Coleção Jarawara de Alan Vogel,,Jarawara,jap,Brazil,Alan Vogel,https://ailla.utexas.org/collections/537,ailla:124441
964,Jivaroan Languages Collection of Maurizio Gnerre,Colección de Lenguas Jivaroanas de Maurizio Gnerre,Coleção de idiomas Jivaroan de Maurizio Gnerre,,Shuar; Aguaruna; Achuar,jiv; agr; acu,Brazil; Peru,Maurizio Gnerre,https://ailla.utexas.org/collections/964,ailla:124392
513,K'iche' Food,Comida K'iche',Comida K'iche,,K'ichee',quc,Guatemala,Miguel Cuj,https://ailla.utexas.org/collections/513,ailla:276316
534,K'ichee' Collection of Leah Velleman,Colección K'ichee' de Leah Velleman,Coleção K'ichee de Leah Velleman,,K'ichee',quc,Guatemala,Leah Velleman,https://ailla.utexas.org/collections/534,ailla:124426
1304,Kalapalo Collection of Ellen Basso,Colección del Kalapalo de Ellen Basso,Coleção Kalapalo de Ellen Basso,,Kalapalo,kui,Brazil,Ellen Basso,https://ailla.utexas.org/collections/1304,ailla:124374
512,Karajá Collection of Eduardo Rivail Ribeiro,Colección Karajá de Eduardo Rivail Ribeiro,Coleção Karajá de Eduardo Rivail Ribeiro,,Karajá,kpj,Brazil,Eduardo Rivail Ribeiro,https://ailla.utexas.org/collections/512,ailla:124433
528,Kuikuro Collection of Bruna Franchetto,Colección Kuikuro de Bruna Franchetto,Coleção Kuikuro de Bruna Franchetto,,Kuikuro,kui,Brazil,Bruna Franchetto,https://ailla.utexas.org/collections/528,ailla:124391
1264,Kuna Collection of James Howe,Colección Kuna de James Howe,Coleção Kuna de James Howe,,"Kuna, San Blas",cuk,Panama,James Howe,https://ailla.utexas.org/collections/1264,ailla:124406
1221,Kuna Collection of Joel Sherzer,Colección Kuna de Joel Sherzer,Coleção Kuna de Joel Sherzer,,"Kuna, San Blas",cuk,Panama,Joel Sherzer,https://ailla.utexas.org/collections/1221,ailla:124436
514,Kuna Collection of Kayla Price,Colección Kuna de Kayla Price,Coleção Kuna de Kayla Price,,"Kuna, San Blas",cuk,Panama,Kayla Price,https://ailla.utexas.org/collections/514,ailla:124431
535,Kuna Collection of Lindsey Newbold,Colección Kuna de Lindsey Newbold,Coleção Kuna de Lindsey Newbold,,"Kuna, San Blas",cuk,Panama,Lindsey Newbold,https://ailla.utexas.org/collections/535,ailla:124427
524,Kuna Collection of Mac Chapin,Colección Kuna de Mac Chapin,Coleção Kuna de Mac Chapin,,"Kuna, San Blas",cuk,Panama,Mac Chapin,https://ailla.utexas.org/collections/524,ailla:124380
526,Kuna Collection of Marta Lucía de Gerdes,Colección Kuna de Marta Lucía de Gerdes,Coleção Kuna de Marta Lucía de Gerdes,,"Kuna, San Blas",cuk,Panama,Marta Lucía de Gerdes,https://ailla.utexas.org/collections/526,ailla:124385
603,Kuna Photograph Collection of Joel Sherzer,Colección Fotográfica Kuna del Joel Sherzer,Coleção de fotografias de Kuna de Joel Sherzer,,"Kuna, San Blas",cuk,Panama,Joel Sherzer,https://ailla.utexas.org/collections/603,ailla:246078
685,Kuna Yala Institute for Research and Development Collection,Colección del Instituto de Investigación y Desarrollo de Kuna Yala,Instituto Kuna Yala para Coleção de Pesquisa e Desenvolvimento,,"Kuna, San Blas",cuk,Panama,,https://ailla.utexas.org/collections/685,ailla:124451
682,Language Data Curation Tutorials,Tutoriales para la Curación de Datos de Lenguas,Tutoriais de curadoria de dados de idiomas,,Multiple,mul,United States of America,,https://ailla.utexas.org/collections/682,ailla:257379
1663,Latin American Languages Collection of Terrence Kaufman,Colección de las Lenguas de Latinoamérica de Terrence Kaufman,Colección de las Lenguas de Latinoamérica de Terrence Kaufman,,"Zapotec, San Baltázar Loxicha; Mazateco, Chiquihuitlán; Mixe, Tlahuitoltepec; Huave, San Mateo del Mar; Otomí, San Andrés Cuexcontitlán; Xinka; Otomí, Eastern Highland; Mazahua, Central; Ch'ol; Lenca; Pipil; Otomí; Huave, San Dionisio del Mar; Nahuatl; Uto-Aztecan; Tlahuica; Totonacan; Amuzgo; Mixe, Totontepec; Popoloca, San Felipe Otlaltepec; Ixcatec; Matlatzinca; Huasteco; Chatino, Eastern, Santiago Yaitepec; Tzotzil; Tzeltal; Chorotega; Subtiaba; Arawakan; Mixe-Zoque; Mixe; Zoque; Mayan; Chocholtec; Zapotec; Zapotecan; Chatino, Tataltepec de Valdés; Chatino, Zenzontepec; Mixtec; Otomanguean; Chibchan; Otomí, Ixtenco; Multiple; Zapotec, Coatec; Zapotec, Atepec; Zapotec, Sierra Juárez; Zapotec, Isthmus; Blackfoot; Mixtecan; Oto-Pamean; Hokan; Zapotec, Miahuatlán/Cuixtla; Zapotec, Choapan; Popoluca, Sayula; Chichimeco-Jonaz; Chiapanec; Tlapanec; Popolocan; Pame, Northern; Pame, Central; Pame, Southern; Otomí, Mezquital; Chinantec, Chiltepec; Chinantec, Lalana; Chinantec, Palantla; Chinantec, Ojitlán; Chinantec, Quiotepec; Yuman-Cochimí; Comanche; Chinantec, Usila; Mangue; Zapotec, Mitla; Zapotec, Rincón; Zapotec, Lachiguirí; Zapotec, Yatzachi; Zapotec, Western Ejutla; Hopi; Algonquian; Matagalpa; Dení; Suruí; Pomoan",zpx; maq; mxp; huv; ots; xin; otm; maz; ctu; len; ppl; oto; hve; nah; azc; ocu; cai; omq; mto; pow; ixc; mat; hus; ctp; tzo; tzh; cjr; sut; awd; cai; cai; cai; myn; coz; zap; omq; cta; czn; omq; omq; cba; otz; mul; zps; zaa; zaa; zai; bla; omq; omq; hok; zam; zpc; pos; pei; cip; pmq; omq; pmq; pbs; pmz; ote; csa; cnl; cpa; chj; chq; nai; com; cuc; mom; zaw; zar; zpa; zav; zaf; hop; alg; mtn; dny; sru; nai,United States of America; Mexico; Brazil; Guatemala; El Salvador,Terrence Kaufman,https://ailla.utexas.org/collections/1663,ailla:124495
924,"Máku, Sapé and Arutani Collection of Raoul Zamponi","Colección de Máku, Sapé y Arutani de Raoul Zamponi","Coleção Máku, Sapé e Arutani de Raoul Zamponi",,Máku; Arutani; Sapé,xak; atx; spc,Venezuela; Brazil,Ernest Migliazza; Aryon Dall'Inga Rodrigues; Walter Coppens,https://ailla.utexas.org/collections/924,ailla:284853
542,Mapuche Collection of Magnus Course,Colección Mapuche de Magnus Course,Coleção Mapuche de Magnus Course,,Mapudungun,arn,Chile,Magnus Course,https://ailla.utexas.org/collections/542,ailla:124471
609,Marine Conservation without Borders,Conservación Marina sin Fronteras,Conservação marinha sem fronteiras,,"Q'eqchi'; Mískito; English; Spanish; Maya, Yucatec; Wayuu; Belize Kriol",kek; miq; eng; spa; yua; guc; bzj,United States of America; Mexico; Colombia; Honduras; Belize,Robert Thigpen,https://ailla.utexas.org/collections/609,ailla:257362
547,Matsigenka Texts,Cuentos Matsigenkas,Textos de Matsigenka,Kenkitsarintsi Matsigenka,Matsigenka,mcb,Peru,Christine Beier; Lev Michael,https://ailla.utexas.org/collections/547,ailla:124498
943,Mayan Cultural Patrimony Preservation Project Collection,Colección del Proyecto Conservación del Patrimonio Cultural Maya,Coleção de projetos de preservação de patrimônio cultural maia,,K'ichee'; Tz'utujil; Kaqchikel,quc; tzj; cak,Guatemala,Antonio Matzar González; Juan Matzar González,https://ailla.utexas.org/collections/943,ailla:124453
553,Mayan Languages Collection of Jaime Pérez González,Coleccion de Lenguas Mayas de Jaime Pérez González,Coleção de idiomas maias de Jaime Pérez González,,Tzeltal; Mocho,tzh; mhc,Mexico,Jaime Pérez González,https://ailla.utexas.org/collections/553,ailla:246308
822,Mayan Languages Collection of John Fought,Colección de Lenguas Mayas de John Fought,Coleção de Línguas Maias de John Fought,,"Ch'ol; Chorti; Chontal, Tabasco",ctu; caa; chf,Mexico; Guatemala,John Fought,https://ailla.utexas.org/collections/822,ailla:124489
529,Mayan Languages Collection of Larry Grimes,Colección de Lenguas Mayas de Larry Grimes,Coleção de idiomas maia de Larry Grimes,,K'ichee'; Tz'utujil; Kaqchikel,quc; tzj; cak,Guatemala,Larry Grimes,https://ailla.utexas.org/collections/529,ailla:124395
1006,Mayan Languages Collection of Laura Martin,Colección de Lenguas Mayas de Laura Martin,Coleção de idiomas maia de Laura Martin,,Tektiteko; Q'anjob'al; Mocho,ttc; kjb; mhc,Mexico; Guatemala,Laura Martin,https://ailla.utexas.org/collections/1006,ailla:124421
1064,Mayan Languages Collection of Nicholas Hopkins,Colección de Lenguas Mayas de Nicholas Hopkins,Coleção de idiomas maias de Nicholas Hopkins,,Ch'ol; Chuj; Unspecified language,ctu; cac; und,Mexico,Nicholas Hopkins,https://ailla.utexas.org/collections/1064,ailla:124472
411,Mayan Languages Collection of Nora England,Colección de Lenguas Mayas de Nora England,Coleção de idiomas maias de Nora England,,Tektiteko; Mam,ttc; mam,Guatemala,Nora England,https://ailla.utexas.org/collections/411,ailla:124483
783,Mayan Languages Collection of Terrence Kaufman,Colección de Idiomas Mayenses de Terrence Kaufman,Coleção de Idiomas Maias de Terrence Kaufman,,"K'ichee'; Ch'ol; Lacandon; Chipaya; Huasteco; Chuj; Tzotzil; Tzeltal; Chicomuceltec; Awakateko; Tektiteko; Achi; Poqomam; Sakapulteko; Uspanteko; Itza'; Mopán; Mayan; Q'eqchi'; Tz'utujil; Chorti; Q'anjob'al; Kaqchikel; Popti'; Mam; Poqomchi'; Mocho; Ixil; Chontal, Tabasco; Tojolab'al; Maya, Yucatec; Ch'olti'; Oto-Pamean",quc; ctu; lac; cap; hus; cac; tzo; tzh; cob; agu; ttc; acr; poc; quv; usp; itz; mop; myn; kek; tzj; caa; kjb; cak; jac; mam; poh; mhc; ixl; chf; toj; yua; mis; omq,Mexico; Guatemala,Terrence Kaufman,https://ailla.utexas.org/collections/783,ailla:243664
985,Mayan Languages Collection of Victoria Bricker,Colección de Lenguas Mayas de Victoria Bricker,Coleção de idiomas maias de Victoria Bricker,,"Ch'ol; Tzotzil; Maya, Yucatec",ctu; tzo; yua,Mexico,Victoria Bricker,https://ailla.utexas.org/collections/985,ailla:124468
1351,Mbyá Guaraní Collection of Robert Dooley,Colección Mbyá Guaraní de Robert Dooley,Coleção Mbyá Guaraní de Robert Dooley,,"Guaraní, Mbyá",gun,Brazil,Robert A. Dooley,https://ailla.utexas.org/collections/1351,ailla:124442
1923,Media Lengua Collection of Jesse Stewart,La Colección de la Media Lengua por Jesse Stewart,A Coleção de Media Lengua de Jesse Stewart,Jesse Stewartpac chaupishimi coleccionca,Media Lengua,mue,Ecuador,Jesse Stewart; Gabriela Prado Ayala,https://ailla.utexas.org/collections/1923,
1352,MesoAmerican Language Collection of George Aaron Broadwell,Colección de Lenguas MesoAmericanas de George Aaron Broadwell,Coleção de Idiomas Mesoamericanos de George Aaron Broadwell,,"Zapotec, Tlacolula de Matamoros; Triqui, Copala; K'ichee'; Zapotec, San Dionisio Ocotepec; Zapotec, Macuiltianguis; Zapotec, Santa Ana del Valle; English; Spanish; Kaqchikel; Multiple",zab; trc; quc; ztu; zaa; zab; eng; spa; cak; mul,Mexico; Guatemala,George Aaron Broadwell,https://ailla.utexas.org/collections/1352,ailla:124473
801,MesoAmerican Languages Collection of Kathryn Josserand,Colección de Lenguas de MesoAmérica de Kathryn Josserand,Coleção de idiomas mesoamericanos de Kathryn Josserand,,"Otomí, Eastern Highland; Mazahua, Central; Mixtec",otm; maz; omq,Mexico,Kathryn Josserand,https://ailla.utexas.org/collections/801,ailla:124466
1265,MesoAmerican Languages Collection of Lyle Campbell,Colección de Lenguas MesoAmericanas de Lyle Campbell,Coleção de Línguas MesoAmericanos de Lyle Campbell,,Xinka; Lenca; Pipil; Mocho; Cacaopera,xin; len; ppl; mhc; ccr,Mexico; Guatemala; Honduras; El Salvador,Lyle Campbell,https://ailla.utexas.org/collections/1265,ailla:124470
1302,MesoAmerican Languages Collection of Roberto Zavala Maldonado,Colección de las Lenguas de MesoAmérica de Roberto Zavala Maldonado,Coleção das Línguas da Mesoamérica de Roberto Zavala Maldonado,,"Akateko; Zoque, Ayapaneco; Nahuatl, Tabasco; Popoluca, Oluta; Xinka; Zoque, Tecpatán; Ch'ol; Cora, Santa Teresa; Lacandon; Zoque, Copoya; Zoque, Copainalá; Zoque, Tapalapa; Zoque, Rayón; Huasteco; Popti'; Zoque, Francisco León",knj; zoq; nhc; plo; xin; zoc; ctu; cok; lac; zoc; zoc; zor; zor; hus; jac; zos,Mexico; Guatemala,Roberto Zavala Maldonado,https://ailla.utexas.org/collections/1302,ailla:124461
1358,Mesospace Collection of Juergen Bohnemeyer,Colección Mesospace de Juergen Bohnemeyer,Coleção MesoSpace de Juergen Bohnemeyer,,"Maya, Yucatec",yua,Mexico,Juergen Bohnemeyer,https://ailla.utexas.org/collections/1358,ailla:124490
702,Mexican Languages Collection of Yolanda Lastra,Colección de Lenguas Mexicanas de Yolanda Lastra,Coleção de idiomas mexicanos de Yolanda Lastra,,"Quechua, South Bolivian; Otomí; Nahuatl; Nahuatl, Morelos; Nahuatl, Central Huasteca; Nahuatl, Northern Puebla; Nahuatl, Central Puebla; Nahuatl, Southeastern Puebla; Nahuatl, Huaxcaleca; Otomí, Ixtenco; Nahuatl, Central",quh; oto; nah; nhm; nch; ncj; ncx; nhs; nhq; otz; nhn,Mexico; Bolivia,Yolanda Lastra,https://ailla.utexas.org/collections/702,ailla:124414
2003,Mexican Sign Language (LSM) Collection of Caitlin Coons,Colección de la Lengua de Señas Mexicana (LSM) de Caitlin Coons,Coleção de Língua de Sinais Mexicana (LSM) de Caitlin Coons,ARCHIVO LSM DE Caitlin Coons,Mexican Sign Language,mfs,United States of America; Mexico,Caitlin Coons; Erik Arellano,https://ailla.utexas.org/collections/2003,
929,Misantla Totonac Collection of MacKay and Trechsel,Colección Totonaco de Misantla de MacKay y Trechsel,Coleção do Totonac de Misantla de Mackay e Trechsel,,"Totonac, Misantla",tlc,Mexico,Carolyn J. MacKay; Frank R. Trechsel,https://ailla.utexas.org/collections/929,ailla:254571
543,Miskitu Language Collection of Tulio Bermúdez and Wanda Luz Waldan Peter,Colección de la Lengua Miskitu de Tulio Bermúdez y Wanda Luz Waldan Peter,Coleção de idiomas Miskitu de Tulio Bermúdez e Wanda Luz Waldan Peter,Miskitu bila wahbi sakanka nani,Mískito,miq,Nicaragua,Wanda Luz Waldan Peter; Tulio Bermúdez Mejía,https://ailla.utexas.org/collections/543,ailla:124479
1353,Mocoví Collection of Veronica Grondona,Colección Mocoví de Veronica Grondona,Coleção Mocoví de Veronica Grondona,,Mocoví,moc,Argentina,Veronica Grondona,https://ailla.utexas.org/collections/1353,ailla:124399
556,Mopan Maya Collection of Yuki Tanaka-McFarlane,Colección del Maya Mopán de Yuki Tanaka-McFarlane,Coleção maia Mopan de Yuki Tanaka-McFarlane,,Mopán,mop,Belize,Yuki Tanaka-McFarlane,https://ailla.utexas.org/collections/556,ailla:254565
1481,Nadëb Collection,Colección Nadëb,Coleção Nadëb,Nadëb,Nadëb,mbj,United States of America; Brazil,Nian Pissolati; Karolin Obert; Patience Epps,https://ailla.utexas.org/collections/1481,ailla:257602
569,Nahuat Stories from Huitzilan de Serdán,Historias en Náhuat de Huitzilan de Serdán,Histórias de Nahuat de Huitzilan de Serdán,,"Nahuatl, Highland Puebla",azz,Mexico,James M. Taggart,https://ailla.utexas.org/collections/569,ailla:284896
468,Nahuatl Collection of Alan and Pamela Sandstrom,La Colección de Nahuatl de Alan y Pamela Sandstrom,Coleção Nahuatl de Alan e Pamela Sandstrom,,Nahuatl,nah,Mexico,Pamela Effrein Sandstrom; Alan R. Sandstrom,https://ailla.utexas.org/collections/468,ailla:124452
1005,Nahuatl Collection of Jane Hill and Kenneth Hill,Colección Nahuatl de Jane Hill y Kenneth Hill,Coleção Nahuatl de Jane Hill e Kenneth Hill,,"Nahuatl, Michoacán; Nahuatl, Central",ncl; nhn,Mexico,Kenneth Hill; Jane Hill,https://ailla.utexas.org/collections/1005,ailla:124405
1602,Nahuatl Collection of Karen Dakin,Colección Nahuatl de Karen Dakin,Coleção Nahuatl de Karen Dakin,,"Pipil; Nahuatl, Morelos",ppl; nhm,Mexico; El Salvador,Karen Dakin,https://ailla.utexas.org/collections/1602,ailla:124477
412,"Nahuatl Documentary ""Silvestre Pantaleón""","""Documental en Náhuatl Silvestre Pantaleón""","Documentário de Nahuatl ""Silvestre Pantaleón""",,"Nahuatl, Guerrero",ngu,Mexico,Jonathan Amith,https://ailla.utexas.org/collections/412,ailla:124500
571,Nanti Collection of Christine Beier and Lev Michael,Colección del Nanti de Christine Beier y Lev Michael,Coleção Nanti de Christine Beier e Lev Michael,,Nanti,cox,Peru,Christine Beier; Lev Michael,https://ailla.utexas.org/collections/571,ailla:124377
1359,Napo Quichua Collection of Michael Uzendoski,Colección del Quichua de Napo de Michael Uzendoski,Coleção da Quichua de Napo de Michael Uzendoski,,"Quichua, Tena Lowland; Quechua, Pastaza; Napo Quichua",quw; qvz; qvo,Ecuador,Michael Uzendoski,https://ailla.utexas.org/collections/1359,ailla:124440
539,Ngabe Collection of Phil Young,Colección Ngabe de Phil Young,Coleção Ngabe de Phil Young,,Ngäbere,gym,Panama,Phil Young,https://ailla.utexas.org/collections/539,ailla:124446
604,Ngäbere Collection of Harriet Manelis Klein,Colección del Ngäbere de Harriet Manelis Klein,Coleção Ngäbere de Harriet Manelis Klein,,Ngäbere,gym,Panama,Harriet E. Manelis Klein,https://ailla.utexas.org/collections/604,ailla:285619
441,"Niels Fock & Eva Krener Collection from a Cañari Village, Juncal, Cañar, Ecuador","Colección de Niels Fock & Eva Krener de una comuna Cañari, Juncal, Cañar, Ecuador","Coleção de Niels Fock & Eva Krener de uma vila de Cañari, Juncal, Cañar, Equador",,"Kichwa, Cañar Highland",qxr,Ecuador,Eva Krener; Niels Fock,https://ailla.utexas.org/collections/441,ailla:258879
864,Nivaĉle Collection of Alejandra Vidal,Colección de Archivos Nivaĉle de Alejandra Vidal,Coleção Nivaĉle de Alejandra Vidal,,Nivaclé,cag,Argentina; Paraguay,Doris Payne; Alejandra Vidal,https://ailla.utexas.org/collections/864,ailla:268175
404,Northern Uto-Aztecan Collection of Megan Crowhurst,Colección Uto-Azteca Norteña de Megan Crowhurst,Coleção do Uto-Aztecano do Norte de Megan Crowhurst,,Tübatulabal,tub,United States of America,Megan Crowhurst,https://ailla.utexas.org/collections/404,ailla:124511
1007,Northern Zapotec Collection of Erin Donnelly,Colección Zapoteco del Norte de Erin Donnelly,Coleção do Zapoteco do Norte de Erin Donnelly,,"Zapotec, Choapan",zpc,Mexico,Erin Donnelly,https://ailla.utexas.org/collections/1007,ailla:124501
515,O'odham Collection of Ofelia Zepeda,Colección O'odham de Ofelia Zepeda,Coleção O'odham de Ofelia Zepeda,,Tohono O'odham,ood,United States of America,Ofelia Zepeda,https://ailla.utexas.org/collections/515,ailla:124447
555,Olfactory Lexicon Research on Huehuetla Tepehua,Investigación del Léxico Olfactivo en el Tepehua de Huehuetla,Pesquisa de léxico olfativo no Tepehua de Huehuetla,,"Totonacan; Tepehua, Huehuetla",cai; tee,United States of America; Mexico; United Kingdom; Netherlands,Asifa Majid; Carolyn Kristen O'Meara; Susan Smythe Kung,https://ailla.utexas.org/collections/555,ailla:251400
1721,Oro Win Dictionary Collection of Joshua Birchall,Colección del Diccionario de Oro Win de Joshua Birchall,Coleção do Dicionário Oro Win de Joshua Birchall,,Oro Win,orw,Brazil,Joshua Birchall,https://ailla.utexas.org/collections/1721,ailla:285356
1356,"Our Land, Our Life, Then and Now","Antes y Ahora: Nuestra Tierra, Nuestra Vida","Nossa terra, nossa vida, então e agora","Ñawpaqpas Kunanpas Allpanchis, Kawsayninchis","Quechua, South Bolivian",quh,Bolivia,Margarita Huayhua,https://ailla.utexas.org/collections/1356,ailla:124514
987,Oxlajuuj Keej Maya' Ajtz'iib' (OKMA) Mayan Languages Collection,Colección de Lenguas Mayas de Oxlajuuj Keej Maya' Ajtz'iib' (OKMA),Coleção de idiomas maia de Oxlajuuj Keej Maya 'Ajtz'iib'  (OKMA),,Akateko; K'ichee'; Chuj; Awakateko; Tektiteko; Achi; Poqomam; Sakapulteko; Sipakapense; Uspanteko; Itza'; Q'eqchi'; Tz'utujil; Chorti; Q'anjob'al; Kaqchikel; Popti'; Mam; Poqomchi'; Ixil,knj; quc; cac; agu; ttc; acr; poc; quv; qum; usp; itz; kek; tzj; caa; kjb; cak; jac; mam; poh; ixl,Guatemala,,https://ailla.utexas.org/collections/987,ailla:124456
413,Pilagá Collection of Alejandra Vidal,Colección de Archivos Pilagá de Alejandra Vidal,Coleção Pilagá de Alejandra Vidal,,Pilagá,plg,Argentina,Alejandra Vidal,https://ailla.utexas.org/collections/413,ailla:268137
1354,Pima Language Collection of Brook Lillehaugen,Colección de la Lengua Pima de Brook Lillehaugen,Coleção do idioma Pima de Brook Lillehaugen,,Akimel O'odham,ood,United States of America; Mexico,Brook Danielle Lillehaugen,https://ailla.utexas.org/collections/1354,ailla:124467
557,Pisaflores Tepehua Collection of MacKay and Trechsel,Colección Tepehua de Pisaflores de MacKay y Trechsel,Coleção do Tepehua de Pisaflores de Mackay e Trechsel,,"Tepehua, Pisaflores",tpp,Mexico,Carolyn J. MacKay; Frank R. Trechsel,https://ailla.utexas.org/collections/557,ailla:254570
568,Postectli Pilgrimage 1998 Documentation Project,Peregrinación Postectli 1998 Proyecto de Documentación,Projeto de documentação Postectli Pilgrimage 1998,,Otomí; Nahuatl; Spanish,oto; nah; spa,Mexico,Pamela Effrein Sandstrom; Alan R. Sandstrom,https://ailla.utexas.org/collections/568,ailla:284714
565,Public Health Materials,Materiales de Salud Pública,Materiais de Saúde Pública,,Mískito,miq,Nicaragua,,https://ailla.utexas.org/collections/565,ailla:275755
536,Puinave Song Collection of Jesús Mario Girón,Colección de Canciones Puinave de Jesús Mario Girón,Coleção de músicas de Puinave de Jesús Mario Girón,,Puinave,pui,Colombia,Jesús Mario Girón,https://ailla.utexas.org/collections/536,ailla:124432
926,Quechua and Aymara of Puno by Sandhya Krittika Narayanan,El Quechua y Aymara de Puno por Sandhya Krittika Narayanan,Quechua e Aymara de Puno por Sandhya Krittika Narayanan,,"Quechua, Puno; Aymara, Southern",qxp; ayc,Peru,Sandhya Krittika Narayanan,https://ailla.utexas.org/collections/926,ailla:269417
516,Quechua Articles Collection of Felix Julca-Guerrero,Colección de Artículos en Quechua de Felix Julca-Guerrero,Coleção de artigos de quíchua de Felix Julca-Guerrero,,"Quechua, Ancash Huayllas",qwh,Peru,Felix Julca-Guerrero,https://ailla.utexas.org/collections/516,ailla:124458
821,Quechua Collection of Janis B. Nuckolls,Colección Quechua de Janis B. Nuckolls,Coleção Quechua de Janis B. Nuckolls,,"Quechua, Pastaza",qvz,Ecuador,Janis B. Nuckolls,https://ailla.utexas.org/collections/821,ailla:124430
531,Quechua Collection of Patricia Dreidemie,Colección Quechua de Patricia Dreidemie,Coleção Quechua de Patricia Dreidemie,,"Quechua; Quechua, South Bolivian",qwe; quh,Argentina; Bolivia,Patricia Dreidemie,https://ailla.utexas.org/collections/531,ailla:124417
517,Quechua Language Articles of Paul Proulx,Los Artículos sobre la Lengua Quechua de Paul Proulx,Artigos de idiomas de Quechua de Paul Proulx,,Quechua,qwe,Peru,Paul Proulx,https://ailla.utexas.org/collections/517,ailla:124444
1104,Quechua Languages Collection of Rosaleen Howard,Colección de Lenguas Quechuas de Rosaleen Howard,Coleção de idiomas de Quechua de Rosaleen Howard,Runa simi wasi,"Guaraní, Eastern Bolivian; Quechua; Quechua, South Bolivian; Kichwa, Cañar Highland; Quechua, Huamalíes-Huánuco; Aymara, Central; Quechua, Cuzco",gui; qwe; quh; qxr; qvh; ayr; quz,Ecuador; Peru; Bolivia,Rosaleen Howard,https://ailla.utexas.org/collections/1104,ailla:124407
518,Quechua Word List of Robert Henderson,Lista de Palabras en Quechua de Robert Henderson,Lista de palavras de Quechua de Robert Henderson,,"Quechua, Cuzco",quz,Peru,Robert M. Henderson,https://ailla.utexas.org/collections/518,ailla:124404
1601,Rama Language and Culture Project Collection,Colección del Proyecto de la Lengua y Cultura Rama,Coleção de projetos de linguagem e cultura Rama,,Rama,rma,Nicaragua,Colette Grinevald; Maricela Kauffmann,https://ailla.utexas.org/collections/1601,ailla:124397
842,Ray A. Freeze Collection,Colección de Ray A. Freeze,Coleção de Ray A. Freeze,,"Mayo; K'ichee'; Lacandon; Q'eqchi'; Maya, Yucatec; Hopi",mfy; quc; lac; kek; yua; hop,United States of America; Mexico; Guatemala,Ray Freeze,https://ailla.utexas.org/collections/842,ailla:287044
402,San Miguel Chimalapa Zoque Collection of Heidi Johnson,Colección de San Miguel Chimalapa Zoque de Heidi Johnson,San Miguel Chimalapa Zoque Coleção de Heidi Johnson,,"Zoque, San Miguel Chimalapa",zoh,Mexico,Heidi Anna Johnson,https://ailla.utexas.org/collections/402,ailla:124411
1401,Sapé (Socio)Linguistic Documentation Corpus,Corpus de documentación (socio)lingüística del Sapé,Corpus de documentação (socio)linguística de Sapé,,Ninam; Sapé,shb; spc,Venezuela; Canada,Jorge Emilio Rosés Labrada; Francia Medina,https://ailla.utexas.org/collections/1401,ailla:255861
519,Searching for the Origin of the Chatinos of Nopala,Buscando el Origen de los Chatinos de Nopala,Procurando a origem dos chatinos de Nopala,,"Chatino; Chatino, Eastern, Santos Reyes Nopala",omq; cya,Mexico,Javier Gerardo Pérez Sánchez,https://ailla.utexas.org/collections/519,ailla:280004
605,Seri Collection of Steve Marlett,Colección de Seri de Steve Marlett,Coleção Seri de Steve Marlett,,Seri,sei,Mexico,Steve Marlett,https://ailla.utexas.org/collections/605,ailla:124460
1001,Seri Language Collection of Edward and Mary Moser,Colección de la Lengua Seri de Edward y Mary Moser,Coleção de idioma seri de Edward e Mary Moser,,Seri,sei,Mexico,Mary B. Moser; Edward Moser,https://ailla.utexas.org/collections/1001,ailla:124485
608,Sharanahua Language Collection of Pierre Déléage,Colección de la Lengua Sharanahua de Pierre Déléage,Coleção de idiomas de Sharanahua de Pierre Déléage,,Sharanahua; Yaminahua; Amahuaca; Culina,mcd; yaa; amc; cul,Peru,Pierre Déléage,https://ailla.utexas.org/collections/608,ailla:124492
1360,Shiwilu and Shawi Collection of Pilar Valenzuela,Colección de Shiwilu y Shawi de Pilar Valenzuela,Coleção de Shiwilu e Shawi de Pilar Valenzuela,,Shiwilu; Shawi,jeb; cbt,Peru,Pilar Valenzuela Bismarck,https://ailla.utexas.org/collections/1360,ailla:124503
520,Sierra Popoluca Collection of Kay Sammons,Colección Sierra Popoluca de Kay Sammons,Coleção de Kay Sammons da Sierra Popoluca,,"Zoque, Soteapan",poi,Mexico,Kay Sammons,https://ailla.utexas.org/collections/520,ailla:124434
1345,Sierra Popoluca Collection of Lynda Boudreault,Colección Popoluca de la Sierra de Lynda Boudreault,Coleção Popoluca da Serra de Lynda Boudreault,,"Zoque, Soteapan",poi,Mexico,Lynda Boudreault,https://ailla.utexas.org/collections/1345,ailla:124386
622,Sochiápam Chinantec Whistled Speech Collection of Mark Sicoli,Colección del Chinanteco Chiflido de Sochiápam de Mark Sicoli,Coleção de discurso assobiado no Chinantec de Sochiápam de Mark Sicoli,,"Chinantec, Sochiápam",cso,Mexico,Mark Sicoli,https://ailla.utexas.org/collections/622,ailla:242622
1362,Sociolinguistic interviews in South Bolivian Quechua,Entervistas sociolingüísticas en el Quechua del Sur de Bolivia,Entrevistas Sociolinguísticas na Quíchua do Sul da Bolívia,,"Quechua, South Bolivian",quh,Bolivia,Gillian Gallagher,https://ailla.utexas.org/collections/1362,ailla:275864
525,South American Languages Collection of Megan Crowhurst,Colección de Lenguas de Sur América de Megan Crowhurst,Coleção de idiomas sul -americanos de Megan Crowhurst,,Kawésqar; Mapudungun; Guarayu,alc; arn; gyr,Argentina; Bolivia,Megan Crowhurst,https://ailla.utexas.org/collections/525,ailla:124383
530,Southern Paiute Collection of Charles Cairns,Colección Southern Paiute de Charles Cairns,Coleção de Charles Cairns do sul de Paiute de Charles,,"Paiute, Southern",ute,United States of America,Charles Cairns,https://ailla.utexas.org/collections/530,ailla:124402
963,Southern Zapotec Languages Collection of Rosemary Beam de Azcona,Colección de Lenguas Zapotecas de la Sierra Sur de Rosemary Beam de Azcona,Coleção de idiomas do Southern Zapotec de Rosemary Beam de Azcona,,"Zapotec, San Baltázar Loxicha; Zapotec, Coatec; Zapotec, Sierra Juárez; Zapotec, Isthmus; Zapotec, Miahuatec",zpx; zps; zaa; zai; zam,Mexico,Rosemary Beam de Azcona,https://ailla.utexas.org/collections/963,ailla:124376
302,SUNEO Dictionaries Collection,Colección de Diccionarios de SUNEO,Coleção de dicionários de SUNEO,,Zapotec; Mixtec,zap; omq,Mexico,,https://ailla.utexas.org/collections/302,ailla:279591
403,Survey of the Indigenous Languages of Mexico,Encuesta de las Lenguas Indígenas de México,Pesquisa das línguas indígenas do México,,"Triqui, Copala; Mixteco, Peñoles; Mazateco, Chiquihuitlán; Chontal, Highland Oaxaca; Mixe, Tlahuitoltepec; Chinantec, San Juan Lealao; Nahuatl, Acaxochitlán; Huave, San Mateo del Mar; Me'phaa, Malinaltepec; Otomí, San Andrés Cuexcontitlán; Akateko; Zoque, Santa María Chimalapa; Mayo; Totonac, Papantla; Chuj; Zapotec, Isthmus",trc; mil; maq; chd; mxp; cle; nhe; huv; tcf; ots; knj; zoh; mfy; top; cac; zai,Mexico,,https://ailla.utexas.org/collections/403,ailla:124450
1121,Teaching Macuiltianguis Zapotec Collection of Kate Riestenberg and Grupo Cultural Tagayu',Colección de la Enseñanza del Zapoteco de Macuiltianguis de Kate Riestenberg y Grupo Cultural Tagayu',Coleção da Ensinanza do Zapoteco de Macuiltianguis de Kate Riestenberg e Grupo Cultural Tagayu',,"Zapotec, Macuiltianguis",zaa,Mexico,Katherine Riestenberg,https://ailla.utexas.org/collections/1121,ailla:260404
549,Teko Collection of Françoise Rose,Colección Teko de Françoise Rose,Coleção Teko de Françoise Rose,,Teko,eme,French Guiana,Françoise Rose,https://ailla.utexas.org/collections/549,ailla:124504
782,Teotepec Chatino Collection of Justin McIntosh,Colección del Chatino de Teotepec de Justin McIntosh,Coleção do chatino de Teotepec de Justin McIntosh,chaʔ-F-tnyo ʔį-E jychę-A jʔo-E,"Chatino, Eastern, Santa Lucía Teotepec",cya,Mexico,Justin McIntosh,https://ailla.utexas.org/collections/782,ailla:124517
1782,TEST - Erick's Capstone,PRUEBA - Capstone de Erick,PROBA - Capstone de Erick,Capstone de Erick,Media Lengua,mue,Ecuador,Jesse Stewart; Gabriela Prado Ayala,https://ailla.utexas.org/collections/1782,
538,Texistepec Zoque Collection of Søren Wichmann,Colección del Zoque de Texistepec de Søren Wichmann,Coleção de Zoque de Texistepec de Søren Wichmann,,"Zoque, Texistepec",poq,Mexico,Søren Wichmann,https://ailla.utexas.org/collections/538,ailla:124443
781,The Angaité Collection of Paige Erin Wheeler,La colección del Angaité de Paige Erin Wheeler,A coleção Angaité de Paige Erin Wheeler,,"Guaraní, Paraguayan; Angaité",gug; aqt,Paraguay,Paige Erin Wheeler,https://ailla.utexas.org/collections/781,ailla:267815
564,The Asháninka Collection of Elena Mihas,La Colección Asháninka de Elena Mihas,A coleção Asháninka de Elena Mihas,,Asháninka,cni,Peru,Elena Mihas,https://ailla.utexas.org/collections/564,ailla:274491
165,The Chatino Collection of Ryan Sullivant,La Colección del Chatino por Ryan Sullivant,A coleção de Chatino de Ryan Sullivant,,"Chatino, Tataltepec de Valdés; Zapotec, Coatec; Mixtec, Tututepec; Zapotec, Coatecas Altas; Chatino, Santo Domingo Teojomulco; Chatino, Eastern, Ixtapan",cta; zps; mtu; zca; mis; ctp,Mexico,J. Ryan Sullivant,https://ailla.utexas.org/collections/165,ailla:242619
505,The Cholon Language Collection of Luis Miguel Rojas Berscia,Colección de la lengua cholona de Luis Miguel Rojas Berscia,A coleção de idiomas de Cholon de Luis Miguel Rojas Berscia,,Cholon,cht,Peru,Luis Miguel Rojas Berscia; Gonzalo García García,https://ailla.utexas.org/collections/505,ailla:283752
611,The Guajá Collection of Marina Magalhães,La Colección Guajá de Marina Magalhães,A coleção Guajá de Marina Magalhães,,Guajá,gvj,Brazil,Marina Magalhães,https://ailla.utexas.org/collections/611,ailla:272164
965,The Guató Collection of Kristina Balykova and Gustavo Godoy,La Colección del Guató por Kristina Balykova y Gustavo Godoy,A coleção Guató de Kristina Balykova e Gustavo Godoy,,Guató,gta,Brazil,Kristina Balykova; Gustavo de Godoy e Silva,https://ailla.utexas.org/collections/965,ailla:275792
641,The Iñapari Collection of Barrett Hamp,La Colección del Iñapari por Barrett Hamp,A coleção Iñapari de Barrett Hamp,,Iñapari,inp,Peru,Barrett Hamp,https://ailla.utexas.org/collections/641,ailla:287206
1681,The Jaqaru Collection of Luis Miguel Rojas-Berscia,Colección de la lengua jacaru de Luis Miguel Rojas Berscia,A coleção Jaqaru de Luis Miguel Rojas-Berscia,,Jaqaru,jqr,Peru,Luis Miguel Rojas Berscia; Yolanada Nieves Payano Iturrizaga,https://ailla.utexas.org/collections/1681,ailla:284030
563,The K'iche' Collection of Elizabeth Wood,La Colección de K'iche' de Elizabeth Wood,A coleção de K'iche de Elizabeth Wood,,K'ichee',quc,United States of America; Guatemala,Elizabeth Wood; Gricelda Candelaria Mateo Jerónimo,https://ailla.utexas.org/collections/563,ailla:271517
1943,The Ka'apor Collection of Gustavo Godoy,La Colección del Ka'apor por Gustavo Godoy,A coleção Ka'apor de Gustavo Godoy,"Awa je'ẽha ke hendu. Pe, pyhyk. Gustavo je'ẽ mupytame'ẽ ke. I'ã ke jo'ok tĩ.",Ka’apor; Ka’apor Sign Language,urb; uks,Brazil,Gustavo de Godoy e Silva,https://ailla.utexas.org/collections/1943,ailla:283897
558,The Kaqchikel Collection of Raina Heaton,La Colección de Kaqchikel de Raina Heaton,A coleção Kaqchikel de Raina Heaton,,Kaqchikel,cak,Guatemala,Raina Heaton,https://ailla.utexas.org/collections/558,ailla:254602
1355,The Kaqchikel Preservation Project,El Proyecto para la Preservación de Kaqchikel,O Projeto de Preservação de Kaqchikel,,Kaqchikel,cak,Guatemala,Abra Kinkopf,https://ailla.utexas.org/collections/1355,ailla:276278
927,The Kogi Collection of Dominique Knuchel,La colección del kogui por Dominique Knuchel,A coleção Kogi de Dominique Kuchel,,Kogi,kog,Colombia,Dominique Knuchel,https://ailla.utexas.org/collections/927,ailla:254966
928,The Korebajʉ Documentation Collection,La colección de documentación del koreguaje,A coleção de documentação Korebajʉ,,Koreguaje,coe,Colombia,Fabian Leonardo Malaver Chaparro,https://ailla.utexas.org/collections/928,ailla:286992
610,The Livingston Garifuna Collection,La Colección Livingsteña del Idioma Garífuna,A coleção do Garifuna de Livingston,Budawaguaü Garifuna La Bugagien,Garifuna,cab,Guatemala,Alison Broach,https://ailla.utexas.org/collections/610,ailla:257374
724,The Mehináku Collection of Paulo Henrique de Felipe,La Colección del Mehináku por Paulo Henrique de Felipe,A coleção Mehináku de Paulo Henrique de Felipe,,Mehináku,mmh,Brazil,Paulo Henrique De Felipe,https://ailla.utexas.org/collections/724,ailla:272091
559,The Mexicano of Tlaxcala Collection of Lucero Flores,La Colección del Mexicano de Tlaxcala por Lucero Flores,Coleção do mexicano de Tlaxcala de Lucero Flores,"In itlaolololis in Mexicano in Tlaxcala, okichih Lucero Flores","Nahuatl, Central",nhn,Mexico,Lucero Flores Nájera,https://ailla.utexas.org/collections/559,ailla:254992
823,"The Northern Pame Collection of Clifton Pye, Scott Berthiaume and Barbara Pfeiler","La Colección del pame del norte por Clifton Pye, Scott Berthiaume y Barbara Pfeiler","A coleção de pame do norte de Clifton Pye, Scott Berthiaume e Barbara Pfeiler",K'iɨxkendan'tàja'ch biu' xi'iuy,"Pame, Northern",pmq,Mexico,Clifton Pye; Scott Berthiaume,https://ailla.utexas.org/collections/823,ailla:268837
1063,The Paresi-Haliti Collection of Ana Paula Brandão,La Colección del Paresi-Haliti por Ana Paula Brandão,A coleção Paresi-Haliti de Ana Paula Brandão,,Paresi,pab,Brazil,Everton Pereira; Aliny Sousa; Amanda Mesquita; Larissa Lima; Ana Paula Brandão,https://ailla.utexas.org/collections/1063,ailla:254756
1821,The Pirá-Paraná Tukanoan Collection of Stephen and Christine Hugh-Jones,Colección de Tukano del Pirá-Paraná de Stephen y Christine Hugh-Jones,Coleção de Tukano do Pirá-Paraná por Stephen e Christine Hugh-Jones,,Bará; Tucano; Makuna; Tukanoan; Tatuyo; Barasana-Eduria,bao; tuo; myy; sai; tav; bsn,Brazil; Colombia,Christine Hugh-Jones; Brian Moser; Stephen Hugh-Jones,https://ailla.utexas.org/collections/1821,ailla:276711
1701,The Project for the Documentation of the Languages of MesoAmerica (PDLMA),El Proyecto para la Documentación de las Lenguas de MesoAmérica (PDLMA),O Projeto para a Documentação das Línguas da Mesoamérica (PDLMA),,"Zapotec, San Baltázar Loxicha; Zoque, Santa María Chimalapa; Zoque, Ayapaneco; Nahuatl, Tabasco; Popoluca, Oluta; Zoque, Tecpatán; Lacandon; Zoque, Copainalá; Nahuatl; Uto-Aztecan; Tlahuica; Zapotec, Chichicapan; Totonacan; Tepehua; Totonac; Mixe, Totontepec; Zapotec, Zaniza; Popoloca, San Felipe Otlaltepec; Ixcatec; Matlatzinca; Zapotec, Zoogocho; Huasteco; Chatino, Eastern, Santiago Yaitepec; Mixe-Zoque; Mixe; Zoque; Mayan; Zapotec; Zapotecan; Chatino; Chatino, Zenzontepec; Otomanguean; Zoque, Texistepec; Zoque, San Miguel Chimalapa; Zoque, Soteapan; Tepehua, Huehuetla; Chontal, Tabasco; Zapotec, Coatec; Zapotec, Atepec; Zapotec, Isthmus; Nahuatl, Istmo-Mecayapan; Nahuatl, Istmo-Pajapan; Nahuatl, Highland Puebla; Zapotec, Miahuatlán/Cuixtla; Totonac, Highland; Nahuatl, Sierra de Zongolica; Zapotec, Choapan; Mixe, Isthmus; Popoluca, Sayula; Zapotec, Lachixío; Zapotec, Amatlán; Popolocan",zpx; zoh; zoq; nhc; plo; zoc; lac; zoc; nah; azc; ocu; zpv; cai; cai; cai; mto; zpw; pow; ixc; mat; zpq; hus; ctp; cai; cai; cai; myn; zap; omq; omq; czn; omq; poq; zoh; poi; tee; chf; zps; zaa; zai; nhx; nhp; azz; zam; tos; nlv; zpc; mir; pos; zpl; zpo; omq,Mexico,John Justeson; Terrence Kaufman,https://ailla.utexas.org/collections/1701,ailla:124491
1141,The Sáliba Collection of Hortensia Estrada,La Colección Sáliba de Hortensia Estrada,A Coleção Sáliba de Hortensia Estrada,,Sáliba,slc,Colombia,Hortensia Estrada Ramírez,https://ailla.utexas.org/collections/1141,
1983,The Science Museum of Minnesota's Collection of Chiapas Maya Weaver Interviews,Colección de entrevistas a tejedores mayas de Chiapas del Museo de Ciencias de Minnesota,Coleção de entrevistas com tecelões maias de Chiapas do Museu de Ciências de Minnesota,,Tzotzil; Tzeltal; Spanish,tzo; tzh; spa,Mexico,"Walter F. Morris, Jr.; Pedro Meza Meza; Dr. Louis Casagrande",https://ailla.utexas.org/collections/1983,
941,The Shawi Collection of Luis Ulloa,La colección del Shawi de Luis Ulloa,A coleção Shawi de Luis Ulloa,,Shawi,cbt,Peru,Luis Ulloa,https://ailla.utexas.org/collections/941,ailla:267195
582,The Speech of Children from Cusco and Chuquisaca,Habla de los niños de Cusco y Chuquisaca,O discurso de crianças de Cusco e Chuquisaca,Qusqumanta Chukisakamantawan irqichakunap simin,"Quechua; Quechua, South Bolivian; Quechua, Cuzco",qwe; quh; quz,Peru; Bolivia,Susan Kalt,https://ailla.utexas.org/collections/582,ailla:124493
723,The Survey of Zapotec and Chatino Languages Collection,La Colección de la Encuesta de Idiomas Zapotecos y Chatinos,A coleção da pesquisa das idiomas Zapotecos e Chatinos,,Zapotec; Chatino,zap; omq,Mexico,Mark Sicoli; Terrence Kaufman,https://ailla.utexas.org/collections/723,ailla:243980
1241,The Tuparí corpus by Adam Singerman,El corpus tuparí de Adam Singerman,O corpus tuparí de Adam Singerman,Tupari ema'ẽ,Tuparí,tpr,Brazil,Adam Roth Singerman,https://ailla.utexas.org/collections/1241,ailla:269477
414,The Wa'ikhana Collection of Kristina Balykova,La Colección de Wa'ikhana por Kristina Balykova,A coleção Wa'ikhana de Kristina Balykova,Kristina Balykova tikodo Wai’khana ye’mena tʉ’onedi.,Piratapuyo,pir,Brazil,Kristina Balykova,https://ailla.utexas.org/collections/414,ailla:279678
550,The Works of Thomas Cedric Smith-Stark,Las Obras de Thomas Cedric Smith-Stark,As obras de Thomas Cedric Smith,,"Chatino, Eastern San Juan Quiahije; Chinantec, San Juan Lealao; Zapotec, Chichicapan; Amuzgo; Awakateko; Poqomam; Zapotec; Otomanguean; Amuzgo, San Pedro Amuzgos; Nahuatl, Classical",ctp; cle; zpv; omq; agu; poc; zap; omq; azg; nci,Mexico; Guatemala,Thomas C. Smith-Stark,https://ailla.utexas.org/collections/550,ailla:124510
742,The Zacatepec Chatino Documentation Project,El Proyecto de la Documentación del Chatino de Zacatepec,O projeto de documentação do Chatino de Zacatepec,,"Chatino, Eastern, San Marcos Zacatepec",ctz,Mexico,Stéphanie Villard,https://ailla.utexas.org/collections/742,ailla:124506
843,Toba Collection of Harriet E. Manelis Klein,Colección de Toba de Harriet E. Manelis Klein,Coleção Toba de Harriet E. Manelis Klein,,Qom,tob,Argentina,Harriet E. Manelis Klein,https://ailla.utexas.org/collections/843,ailla:124419
1346,Tojolab'al Collection of Jill Brody,Colección del Tojolab'al de Jill Brody,Coleção Tojolab'al de Jill Brody,,Tojolab'al,toj,Mexico,Jill Brody,https://ailla.utexas.org/collections/1346,ailla:124379
1381,Tojolab'al Collection of the SSSAT,Colección Tojolab'al del SSSAT,Coleção Tojolab'al do SSSAT,Sjob’jel lo’il Tojol Ab'al,Tojolab'al,toj,Mexico,,https://ailla.utexas.org/collections/1381,ailla:124478
1242,Totonac-Tepehua Dialect Survey,Encuesta Lingüística de la Familia Totonaco-Tepehua,Pesquisa de dialeto Totonac-Tepehua,,"Totonac, Papantla; Totonacan; Tepehua; Totonac; Totonac, Coyutla; Totonac, Filomeno Mata-Coahuitlán; Tepehua, Huehuetla; Totonac, Highland",top; cai; cai; cai; toc; tlp; tee; tos,Mexico,Carolyn J. MacKay; Frank R. Trechsel; Terrence Kaufman,https://ailla.utexas.org/collections/1242,ailla:124508
670,Transcriptions of Mixtec Language Surveys,Transcripciones de Cuestionarios Lingüísticos del Mixteco,Transcrições de pesquisas de idiomas Mixtecos,,Mixtec,omq,Mexico,Kathryn Josserand,https://ailla.utexas.org/collections/670,ailla:271571
162,Tseltal Collection of Brian Stross,Colección de Tseltal de Brian Stross,Coleção Tseltal de Brian Stross,,Tzeltal,tzh,Mexico,Brian Stross,https://ailla.utexas.org/collections/162,ailla:124505
1105,Tseltal Documentation Project of Gilles Polian,El Proyecto para la Documentación de Tseltal de Gilles Polian,Projeto de documentação tseltal de Gilles Polian,,Tzeltal,tzh,Mexico,Gilles Polian,https://ailla.utexas.org/collections/1105,ailla:124445
841,Tucanoan Languages Collection of Elsa Gomez-Imbert,Colección de Idiomas Tucanos de Elsa Gomez-Imbert,Coleção de Línguas Tucanos de Elsa Gomez-Imbert,,Tatuyo; Barasana-Eduria,tav; bsn,Colombia,Elsa Gomez-Imbert,https://ailla.utexas.org/collections/841,ailla:274743
984,Tucanoan Languages Collection of Janet Chernela,Colección de Lenguas Tucano de Janet Chernela,Coleção de Línguas Tucanoanas de Janet Chernela,,Piratapuyo; Arapaso; Tucano; Wanano,pir; arj; tuo; gvc,Brazil; Colombia,Janet Chernela,https://ailla.utexas.org/collections/984,ailla:124474
562,Typological essays  on Kalapalo grammar by Ellen B. Basso,Ensayos tipológicos sobre la gramática de kalapalo escritos por Ellen B. Basso,Ensaios tipológicos sobre Kalapalo Grammar por Ellen B. Basso,,Kalapalo,kui,United States of America; Brazil,Ellen Basso,https://ailla.utexas.org/collections/562,ailla:271463
1562,Tzotzil Collection of John Haviland,Colección Tzotzil de John Haviland,Coleção Tzotzil de John Haviland,,Tzotzil,tzo,Mexico,John Haviland,https://ailla.utexas.org/collections/1562,ailla:124462
415,Uspanteko Collection of Ryan Bennett and Robert Henderson,La Colección del Uspanteko de Ryan Bennett y Robert Henderson,Coleção de Uspanteko de Ryan Bennett e Robert Henderson,,Uspanteko,usp,United States of America; Guatemala,Robert M. Henderson; Ryan T. Bennett,https://ailla.utexas.org/collections/415,ailla:254558
741,Venezuelan Languages Collection of Marie Claude Mattei Müller,Colección de Lenguas Venezolanas de Marie Claude Mattei Müller,Coleção de idiomas venezuelanos de Marie Claude Mattei Müller,,Mapoyo; Yanomamö; Panare; Yuwana; Yawarana,mcg; guu; pbh; yau; yar,Venezuela,Marie Claude Mattei Müller,https://ailla.utexas.org/collections/741,ailla:124422
527,Waiwai Collection of Niels Fock,Colección Waiwai de Niels Fock,Coleção Waiwai de Niels Fock,,Waiwai,waw,Brazil; Guyana,Niels Fock,https://ailla.utexas.org/collections/527,ailla:124389
606,Warao Language and Culture Collection of H. Dieter Heinen and Werner Wilbert,Colección de la Lengua y Cultura de Warao de H. Dieter Heinen y Werner Wilbert,Coleção de idiomas e cultura de Warao de H. Dieter Heinen e Werner Wilbert,,Warao,wba,Venezuela,Werner Wilbert; H. Dieter Heinen,https://ailla.utexas.org/collections/606,ailla:124403
942,"Wounaan Oral Traditions and Music, Lapovsky Kennedy Collection, 1964-1966","Tradición Oral y Música Wounaan, Colección de Lapovsky Kennedy, 1964-1966","Tradições e Música de Wounaan, Coleção Lapovsky Kennedy, 1964-1966","Maach jooinhí warrgarwe jöoinau jaaujerr dʌ̈i maachdëu nem sirnaa haaujempa Wounaanau nem hĩgk’atarr hũan Lapovsky Kennedyiu grabaawia p’ë hautarr, 1964-1966",Wounmeu,noa,Colombia,Elizabeth Kennedy,https://ailla.utexas.org/collections/942,ailla:124497
1321,"Wounaan Oral Traditions, Binder Collection, 1970-1980","Tradición Oral Wounaan, Colección de Binder, 1970-1980","Tradição Oral Wounaan, Coleção de Binder, 1970-1980","Maach jooinhí warrgarwe jöoinau jaaujerr, Wounaanau nem hĩgk’atarr jöoi Binderrau grabaawia p’ë hautarr",Wounmeu,noa,Panama; Colombia,Ronald Binder,https://ailla.utexas.org/collections/1321,ailla:248514
921,"Wounaan Oral Traditions, Loewen Collection, 1948 - 1958","Tradición Oral Wounaan, Colección de Loewen, 1948 - 1958","Tradições de Wounaan, Coleção Loewen, 1948 - 1958","Maach jooinhí warrgarwe jöoinau jaaujerr, Wounaanau nem hĩgk’atarr jöoi Loewenau      grabaawia p’ë hautarr, 1948 - 1958",Wounmeu,noa,Colombia,Jacob Loewen,https://ailla.utexas.org/collections/921,ailla:247377
1343,"Wounaan Oral Traditions, Velásquez Runk Collection, 2002 – 2004","Tradición Oral Wounaan, Colección de Velásquez Runk, 2002 – 2004","Tradições Orais Wounaan, Coleção Velásquez Runk, 2002 - 2004","Maach jooinhí warrgarwe jöoinau jaaujerr, Wounaanau nem hĩgk’atarr hũan Velásquez Runkiu grabaawia p’ë hautarr, 2002 – 2004",Wounmeu,noa,Panama,Julia Velásquez Runk,https://ailla.utexas.org/collections/1343,ailla:248168
545,Xavante Language Collection of Laura Graham,Colección de la Lengua Xavante de Laura Graham,Coleção de idioma Xavante de Laura Graham,,Xavánte,xav,Brazil,Laura R. Graham,https://ailla.utexas.org/collections/545,ailla:124486
521,Xokleng Collection of Greg Urban,Colección Xokleng de Greg Urban,Coleção Xokleng de Greg Urban,,Xokleng,xok,Brazil,Greg Urban,https://ailla.utexas.org/collections/521,ailla:124439
1963,Yagua Collection,Colección del Yagua,Coleção Yagua,,Yagua,YAD,Peru,Maria Cheremisinova,https://ailla.utexas.org/collections/1963,
1521,Yauyos Quechua Collection of Aviva Shimelman,Colección Quechua de Yauyos de Aviva Shimelman,Coleção da Quéchua de Yauyos de Aviva Shimelman,,"Quechua, Yauyos",qux,Peru,Aviva Shimelman,https://ailla.utexas.org/collections/1521,ailla:124499
1081,Yawarana: documentation project collection,Yabarana: colección del proyecto de documentación,Yawarana: coleção do projeto de documentação,,Yawarana,yar,United States of America; Venezuela,Natalia Cáceres Arandia,https://ailla.utexas.org/collections/1081,ailla:254562
1641,Yokot'an (Tabasco Chontal) Dialect Survey,Encuesta Lingüística del Yokot'an (Chontal de Tabasco),Levantamento Linguístico da Yokot'an (a Chontal de Tabasco),,"Chontal, Tabasco",chf,Mexico,Brad Montgomery-Anderson; Terrence Kaufman,https://ailla.utexas.org/collections/1641,ailla:124448
621,Yoloxóchitl Mixtec Language Documentation Project of Jonathan Amith and Rey Castillo,Documentación de la Lengua Mixteca de Yoloxóchitl de Jonathan Amith y Rey Castillo,Projeto de documentação da linguagem de Mixteco de Yoloxóchitl de Jonathan Amith e Rey Castillo,,"Mixteco, Yoloxóchitl",xty,Mexico,Rey Castillo García; Jonathan Amith,https://ailla.utexas.org/collections/621,ailla:124484
607,Yucatec Maya Collection of Melissa Frazier,Colección de Maya Yucateco de Melissa Frazier,Coleção Yucatec Maya de Melissa Frazier,U Tsikbalilo'ob Maya' T'aan,"Maya, Yucatec",yua,Mexico,Melissa Frazier,https://ailla.utexas.org/collections/607,ailla:124464
523,Yucatec Maya Collection of William Blunk-Fernández and Michael Carrasco,Colección Yucateco de William Blunk-Fernández y Michael Carrasco,Coleção Yucatec Maya de William Blunk-Fernández e Michael Carrasco,,"Maya, Yucatec",yua,Mexico,Michael Carrasco; William Blunk-Fernández,https://ailla.utexas.org/collections/523,ailla:124378
522,Yucateco Collection of Michal Brody,Colección de Yucateco de Michal Brody,Coleção Yucateco de Michal Brody,,"Maya, Yucatec",yua,Mexico,Michal Brody,https://ailla.utexas.org/collections/522,ailla:124416
1347,Zapotec Collection of Brook Lillehaugen,Colección de Zapoteco de Brook Lillehaugen,Coleção de Zapoteco de Brook Lillehaugen,,"Zapotec, Tlacolula de Matamoros",zab,Mexico,Brook Danielle Lillehaugen,https://ailla.utexas.org/collections/1347,ailla:124418
467,Zapotec Collection of May Helena Plumb,Colección del zapoteco de May Helena Plumb,Coleção Zapotec de May Helena Plumb,,"Zapotec, Western Tlacolula Valley",zab,Mexico,May Helena Plumb,https://ailla.utexas.org/collections/467,ailla:257460
703,Zoque Dialect Survey,Encuesta Lingüística del Zoque,Pesquisa de dialeto do Zoque,,"Zoque, Santa María Chimalapa; Zoque, Tecpatán; Zoque, Copoya; Zoque, Tapalapa; Zoque, Rayón; Zoque; Zoque, San Miguel Chimalapa; Zoque, Ocotepec",zoh; zoc; zoc; zor; zor; cai; zoh; zoc,Mexico,Roberto Zavala Maldonado; Terrence Kaufman,https://ailla.utexas.org/collections/703,ailla:124516
1861,zzz Collection,zzz Colección,zzz Coleçao,Just a Trial,,,,,https://ailla.utexas.org/collections/1861,
